league,country,league_rank,season,club_name,club_url,squad_size,club_total_mv_raw
Premier League,England,1,2017,Manchester City,/manchester-city/startseite/verein/281/saison_id/2017,32,€1.01bn
Premier League,England,1,2017,Chelsea FC,/fc-chelsea/startseite/verein/631/saison_id/2017,46,€884.25m
Premier League,England,1,2017,Liverpool FC,/fc-liverpool/startseite/verein/31/saison_id/2017,35,€857.50m
Premier League,England,1,2017,Manchester United,/manchester-united/startseite/verein/985/saison_id/2017,35,€849.50m
Premier League,England,1,2017,Tottenham Hotspur,/tottenham-hotspur/startseite/verein/148/saison_id/2017,34,€829.60m
Premier League,England,1,2017,Arsenal FC,/fc-arsenal/startseite/verein/11/saison_id/2017,45,€694.00m
Premier League,England,1,2017,Everton FC,/fc-everton/startseite/verein/29/saison_id/2017,48,€381.25m
Premier League,England,1,2017,Leicester City,/leicester-city/startseite/verein/1003/saison_id/2017,34,€304.25m
Premier League,England,1,2017,Southampton FC,/fc-southampton/startseite/verein/180/saison_id/2017,29,€297.00m
Premier League,England,1,2017,West Ham United,/west-ham-united/startseite/verein/379/saison_id/2017,42,€268.10m
Premier League,England,1,2017,Crystal Palace,/crystal-palace/startseite/verein/873/saison_id/2017,41,€220.73m
Premier League,England,1,2017,Newcastle United,/newcastle-united/startseite/verein/762/saison_id/2017,37,€208.28m
Premier League,England,1,2017,Watford FC,/fc-watford/startseite/verein/1010/saison_id/2017,37,€196.00m
Premier League,England,1,2017,Stoke City,/stoke-city/startseite/verein/512/saison_id/2017,35,€192.45m
Premier League,England,1,2017,Burnley FC,/fc-burnley/startseite/verein/1132/saison_id/2017,30,€169.30m
Premier League,England,1,2017,West Bromwich Albion,/west-bromwich-albion/startseite/verein/984/saison_id/2017,33,€165.95m
Premier League,England,1,2017,Swansea City,/swansea-city/startseite/verein/2288/saison_id/2017,36,€165.49m
Premier League,England,1,2017,Brighton & Hove Albion,/brighton-amp-hove-albion/startseite/verein/1237/saison_id/2017,39,€148.20m
Premier League,England,1,2017,AFC Bournemouth,/afc-bournemouth/startseite/verein/989/saison_id/2017,35,€144.50m
Premier League,England,1,2017,Huddersfield Town,/huddersfield-town/startseite/verein/1110/saison_id/2017,35,€106.05m
Premier League,England,1,2018,Manchester City,/manchester-city/startseite/verein/281/saison_id/2018,47,€1.20bn
Premier League,England,1,2018,Liverpool FC,/fc-liverpool/startseite/verein/31/saison_id/2018,39,€1.17bn
Premier League,England,1,2018,Chelsea FC,/fc-chelsea/startseite/verein/631/saison_id/2018,54,€1.17bn
Premier League,England,1,2018,Tottenham Hotspur,/tottenham-hotspur/startseite/verein/148/saison_id/2018,34,€898.60m
Premier League,England,1,2018,Manchester United,/manchester-united/startseite/verein/985/saison_id/2018,36,€797.60m
Premier League,England,1,2018,Arsenal FC,/fc-arsenal/startseite/verein/11/saison_id/2018,42,€659.05m
Premier League,England,1,2018,Everton FC,/fc-everton/startseite/verein/29/saison_id/2018,40,€529.10m
Premier League,England,1,2018,Leicester City,/leicester-city/startseite/verein/1003/saison_id/2018,37,€434.10m
Premier League,England,1,2018,West Ham United,/west-ham-united/startseite/verein/379/saison_id/2018,37,€359.00m
Premier League,England,1,2018,AFC Bournemouth,/afc-bournemouth/startseite/verein/989/saison_id/2018,37,€310.00m
Premier League,England,1,2018,Southampton FC,/fc-southampton/startseite/verein/180/saison_id/2018,40,€305.40m
Premier League,England,1,2018,Wolverhampton Wanderers,/wolverhampton-wanderers/startseite/verein/543/saison_id/2018,40,€302.90m
Premier League,England,1,2018,Crystal Palace,/crystal-palace/startseite/verein/873/saison_id/2018,36,€289.00m
Premier League,England,1,2018,Fulham FC,/fc-fulham/startseite/verein/931/saison_id/2018,33,€254.25m
Premier League,England,1,2018,Newcastle United,/newcastle-united/startseite/verein/762/saison_id/2018,37,€244.65m
Premier League,England,1,2018,Watford FC,/fc-watford/startseite/verein/1010/saison_id/2018,39,€239.10m
Premier League,England,1,2018,Burnley FC,/fc-burnley/startseite/verein/1132/saison_id/2018,33,€197.25m
Premier League,England,1,2018,Brighton & Hove Albion,/brighton-amp-hove-albion/startseite/verein/1237/saison_id/2018,41,€194.35m
Premier League,England,1,2018,Huddersfield Town,/huddersfield-town/startseite/verein/1110/saison_id/2018,33,€137.45m
Premier League,England,1,2018,Cardiff City,/cardiff-city/startseite/verein/603/saison_id/2018,35,€113.00m
Premier League,England,1,2019,Manchester City,/manchester-city/startseite/verein/281/saison_id/2019,35,€1.05bn
Premier League,England,1,2019,Liverpool FC,/fc-liverpool/startseite/verein/31/saison_id/2019,56,€1.00bn
Premier League,England,1,2019,Tottenham Hotspur,/tottenham-hotspur/startseite/verein/148/saison_id/2019,36,€806.80m
Premier League,England,1,2019,Chelsea FC,/fc-chelsea/startseite/verein/631/saison_id/2019,36,€705.85m
Premier League,England,1,2019,Manchester United,/manchester-united/startseite/verein/985/saison_id/2019,43,€670.45m
Premier League,England,1,2019,Arsenal FC,/fc-arsenal/startseite/verein/11/saison_id/2019,38,€607.65m
Premier League,England,1,2019,Everton FC,/fc-everton/startseite/verein/29/saison_id/2019,35,€420.55m
Premier League,England,1,2019,Leicester City,/leicester-city/startseite/verein/1003/saison_id/2019,32,€411.10m
Premier League,England,1,2019,Wolverhampton Wanderers,/wolverhampton-wanderers/startseite/verein/543/saison_id/2019,44,€320.33m
Premier League,England,1,2019,West Ham United,/west-ham-united/startseite/verein/379/saison_id/2019,38,€303.60m
Premier League,England,1,2019,AFC Bournemouth,/afc-bournemouth/startseite/verein/989/saison_id/2019,39,€272.18m
Premier League,England,1,2019,Newcastle United,/newcastle-united/startseite/verein/762/saison_id/2019,41,€252.48m
Premier League,England,1,2019,Aston Villa,/aston-villa/startseite/verein/405/saison_id/2019,38,€231.70m
Premier League,England,1,2019,Southampton FC,/fc-southampton/startseite/verein/180/saison_id/2019,36,€210.75m
Premier League,England,1,2019,Brighton & Hove Albion,/brighton-amp-hove-albion/startseite/verein/1237/saison_id/2019,45,€200.78m
Premier League,England,1,2019,Watford FC,/fc-watford/startseite/verein/1010/saison_id/2019,43,€199.60m
Premier League,England,1,2019,Crystal Palace,/crystal-palace/startseite/verein/873/saison_id/2019,33,€189.33m
Premier League,England,1,2019,Burnley FC,/fc-burnley/startseite/verein/1132/saison_id/2019,35,€163.88m
Premier League,England,1,2019,Norwich City,/norwich-city/startseite/verein/1123/saison_id/2019,38,€145.33m
Premier League,England,1,2019,Sheffield United,/sheffield-united/startseite/verein/350/saison_id/2019,34,€138.60m
Premier League,England,1,2020,Manchester City,/manchester-city/startseite/verein/281/saison_id/2020,36,€1.04bn
Premier League,England,1,2020,Liverpool FC,/fc-liverpool/startseite/verein/31/saison_id/2020,43,€969.65m
Premier League,England,1,2020,Chelsea FC,/fc-chelsea/startseite/verein/631/saison_id/2020,39,€889.20m
Premier League,England,1,2020,Manchester United,/manchester-united/startseite/verein/985/saison_id/2020,39,€770.05m
Premier League,England,1,2020,Tottenham Hotspur,/tottenham-hotspur/startseite/verein/148/saison_id/2020,41,€703.50m
Premier League,England,1,2020,Arsenal FC,/fc-arsenal/startseite/verein/11/saison_id/2020,42,€619.25m
Premier League,England,1,2020,Everton FC,/fc-everton/startseite/verein/29/saison_id/2020,44,€511.20m
Premier League,England,1,2020,Leicester City,/leicester-city/startseite/verein/1003/saison_id/2020,40,€510.60m
Premier League,England,1,2020,Wolverhampton Wanderers,/wolverhampton-wanderers/startseite/verein/543/saison_id/2020,38,€450.30m
Premier League,England,1,2020,Aston Villa,/aston-villa/startseite/verein/405/saison_id/2020,53,€430.70m
Premier League,England,1,2020,West Ham United,/west-ham-united/startseite/verein/379/saison_id/2020,40,€336.40m
Premier League,England,1,2020,Brighton & Hove Albion,/brighton-amp-hove-albion/startseite/verein/1237/saison_id/2020,46,€290.40m
Premier League,England,1,2020,Southampton FC,/fc-southampton/startseite/verein/180/saison_id/2020,39,€282.80m
Premier League,England,1,2020,Newcastle United,/newcastle-united/startseite/verein/762/saison_id/2020,33,€255.35m
Premier League,England,1,2020,Fulham FC,/fc-fulham/startseite/verein/931/saison_id/2020,38,€239.75m
Premier League,England,1,2020,Leeds United,/leeds-united/startseite/verein/399/saison_id/2020,39,€238.10m
Premier League,England,1,2020,Crystal Palace,/crystal-palace/startseite/verein/873/saison_id/2020,36,€193.85m
Premier League,England,1,2020,Sheffield United,/sheffield-united/startseite/verein/350/saison_id/2020,40,€149.85m
Premier League,England,1,2020,West Bromwich Albion,/west-bromwich-albion/startseite/verein/984/saison_id/2020,43,€141.15m
Premier League,England,1,2020,Burnley FC,/fc-burnley/startseite/verein/1132/saison_id/2020,32,€132.30m
Premier League,England,1,2021,Manchester City,/manchester-city/startseite/verein/281/saison_id/2021,39,€1.00bn
Premier League,England,1,2021,Liverpool FC,/fc-liverpool/startseite/verein/31/saison_id/2021,49,€918.90m
Premier League,England,1,2021,Chelsea FC,/fc-chelsea/startseite/verein/631/saison_id/2021,44,€914.50m
Premier League,England,1,2021,Manchester United,/manchester-united/startseite/verein/985/saison_id/2021,43,€769.15m
Premier League,England,1,2021,Tottenham Hotspur,/tottenham-hotspur/startseite/verein/148/saison_id/2021,45,€689.35m
Premier League,England,1,2021,Arsenal FC,/fc-arsenal/startseite/verein/11/saison_id/2021,41,€613.05m
Premier League,England,1,2021,Leicester City,/leicester-city/startseite/verein/1003/saison_id/2021,40,€526.55m
Premier League,England,1,2021,Aston Villa,/aston-villa/startseite/verein/405/saison_id/2021,44,€487.75m
Premier League,England,1,2021,Everton FC,/fc-everton/startseite/verein/29/saison_id/2021,42,€479.05m
Premier League,England,1,2021,Wolverhampton Wanderers,/wolverhampton-wanderers/startseite/verein/543/saison_id/2021,38,€376.95m
Premier League,England,1,2021,West Ham United,/west-ham-united/startseite/verein/379/saison_id/2021,37,€354.90m
Premier League,England,1,2021,Brighton & Hove Albion,/brighton-amp-hove-albion/startseite/verein/1237/saison_id/2021,43,€318.00m
Premier League,England,1,2021,Newcastle United,/newcastle-united/startseite/verein/762/saison_id/2021,34,€313.90m
Premier League,England,1,2021,Leeds United,/leeds-united/startseite/verein/399/saison_id/2021,35,€299.45m
Premier League,England,1,2021,Southampton FC,/fc-southampton/startseite/verein/180/saison_id/2021,33,€274.30m
Premier League,England,1,2021,Brentford FC,/fc-brentford/startseite/verein/1148/saison_id/2021,38,€273.30m
Premier League,England,1,2021,Crystal Palace,/crystal-palace/startseite/verein/873/saison_id/2021,33,€271.05m
Premier League,England,1,2021,Norwich City,/norwich-city/startseite/verein/1123/saison_id/2021,45,€163.20m
Premier League,England,1,2021,Watford FC,/fc-watford/startseite/verein/1010/saison_id/2021,47,€156.20m
Premier League,England,1,2021,Burnley FC,/fc-burnley/startseite/verein/1132/saison_id/2021,35,€137.85m
Premier League,England,1,2022,Manchester City,/manchester-city/startseite/verein/281/saison_id/2022,34,€1.15bn
Premier League,England,1,2022,Arsenal FC,/fc-arsenal/startseite/verein/11/saison_id/2022,42,€1.00bn
Premier League,England,1,2022,Chelsea FC,/fc-chelsea/startseite/verein/631/saison_id/2022,43,€994.95m
Premier League,England,1,2022,Manchester United,/manchester-united/startseite/verein/985/saison_id/2022,48,€847.75m
Premier League,England,1,2022,Liverpool FC,/fc-liverpool/startseite/verein/31/saison_id/2022,39,€811.85m
Premier League,England,1,2022,Tottenham Hotspur,/tottenham-hotspur/startseite/verein/148/saison_id/2022,34,€649.10m
Premier League,England,1,2022,Newcastle United,/newcastle-united/startseite/verein/762/saison_id/2022,38,€541.60m
Premier League,England,1,2022,Brighton & Hove Albion,/brighton-amp-hove-albion/startseite/verein/1237/saison_id/2022,42,€529.80m
Premier League,England,1,2022,Aston Villa,/aston-villa/startseite/verein/405/saison_id/2022,43,€509.55m
Premier League,England,1,2022,Wolverhampton Wanderers,/wolverhampton-wanderers/startseite/verein/543/saison_id/2022,43,€497.65m
Premier League,England,1,2022,Leicester City,/leicester-city/startseite/verein/1003/saison_id/2022,38,€490.70m
Premier League,England,1,2022,West Ham United,/west-ham-united/startseite/verein/379/saison_id/2022,44,€465.60m
Premier League,England,1,2022,Southampton FC,/fc-southampton/startseite/verein/180/saison_id/2022,46,€419.95m
Premier League,England,1,2022,Everton FC,/fc-everton/startseite/verein/29/saison_id/2022,40,€413.15m
Premier League,England,1,2022,Nottingham Forest,/nottingham-forest/startseite/verein/703/saison_id/2022,50,€376.25m
Premier League,England,1,2022,Brentford FC,/fc-brentford/startseite/verein/1148/saison_id/2022,36,€371.20m
Premier League,England,1,2022,Leeds United,/leeds-united/startseite/verein/399/saison_id/2022,47,€345.15m
Premier League,England,1,2022,Crystal Palace,/crystal-palace/startseite/verein/873/saison_id/2022,39,€323.05m
Premier League,England,1,2022,Fulham FC,/fc-fulham/startseite/verein/931/saison_id/2022,47,€295.10m
Premier League,England,1,2022,AFC Bournemouth,/afc-bournemouth/startseite/verein/989/saison_id/2022,47,€287.20m
Premier League,England,1,2023,Manchester City,/manchester-city/startseite/verein/281/saison_id/2023,36,€1.46bn
Premier League,England,1,2023,Arsenal FC,/fc-arsenal/startseite/verein/11/saison_id/2023,40,€1.20bn
Premier League,England,1,2023,Chelsea FC,/fc-chelsea/startseite/verein/631/saison_id/2023,56,€1.01bn
Premier League,England,1,2023,Liverpool FC,/fc-liverpool/startseite/verein/31/saison_id/2023,45,€955.65m
Premier League,England,1,2023,Tottenham Hotspur,/tottenham-hotspur/startseite/verein/148/saison_id/2023,41,€838.50m
Premier League,England,1,2023,Manchester United,/manchester-united/startseite/verein/985/saison_id/2023,46,€808.35m
Premier League,England,1,2023,Aston Villa,/aston-villa/startseite/verein/405/saison_id/2023,45,€709.65m
Premier League,England,1,2023,Newcastle United,/newcastle-united/startseite/verein/762/saison_id/2023,45,€652.25m
Premier League,England,1,2023,Brighton & Hove Albion,/brighton-amp-hove-albion/startseite/verein/1237/saison_id/2023,49,€524.40m
Premier League,England,1,2023,Nottingham Forest,/nottingham-forest/startseite/verein/703/saison_id/2023,46,€501.35m
Premier League,England,1,2023,West Ham United,/west-ham-united/startseite/verein/379/saison_id/2023,36,€487.50m
Premier League,England,1,2023,Crystal Palace,/crystal-palace/startseite/verein/873/saison_id/2023,40,€446.58m
Premier League,England,1,2023,Wolverhampton Wanderers,/wolverhampton-wanderers/startseite/verein/543/saison_id/2023,47,€442.73m
Premier League,England,1,2023,Brentford FC,/fc-brentford/startseite/verein/1148/saison_id/2023,42,€428.78m
Premier League,England,1,2023,AFC Bournemouth,/afc-bournemouth/startseite/verein/989/saison_id/2023,42,€401.75m
Premier League,England,1,2023,Everton FC,/fc-everton/startseite/verein/29/saison_id/2023,34,€391.75m
Premier League,England,1,2023,Fulham FC,/fc-fulham/startseite/verein/931/saison_id/2023,35,€384.35m
Premier League,England,1,2023,Burnley FC,/fc-burnley/startseite/verein/1132/saison_id/2023,39,€273.48m
Premier League,England,1,2023,Sheffield United,/sheffield-united/startseite/verein/350/saison_id/2023,45,€152.35m
Premier League,England,1,2023,Luton Town,/luton-town/startseite/verein/1031/saison_id/2023,46,€140.90m
Premier League,England,1,2024,Manchester City,/manchester-city/startseite/verein/281/saison_id/2024,44,€1.36bn
Premier League,England,1,2024,Chelsea FC,/fc-chelsea/startseite/verein/631/saison_id/2024,58,€1.19bn
Premier League,England,1,2024,Arsenal FC,/fc-arsenal/startseite/verein/11/saison_id/2024,42,€1.16bn
Premier League,England,1,2024,Liverpool FC,/fc-liverpool/startseite/verein/31/saison_id/2024,35,€950.95m
Premier League,England,1,2024,Manchester United,/manchester-united/startseite/verein/985/saison_id/2024,49,€825.00m
Premier League,England,1,2024,Tottenham Hotspur,/tottenham-hotspur/startseite/verein/148/saison_id/2024,41,€777.30m
Premier League,England,1,2024,Aston Villa,/aston-villa/startseite/verein/405/saison_id/2024,41,€680.55m
Premier League,England,1,2024,Newcastle United,/newcastle-united/startseite/verein/762/saison_id/2024,36,€677.53m
Premier League,England,1,2024,Brighton & Hove Albion,/brighton-amp-hove-albion/startseite/verein/1237/saison_id/2024,49,€667.58m
Premier League,England,1,2024,Crystal Palace,/crystal-palace/startseite/verein/873/saison_id/2024,40,€526.85m
Premier League,England,1,2024,AFC Bournemouth,/afc-bournemouth/startseite/verein/989/saison_id/2024,39,€518.60m
Premier League,England,1,2024,Nottingham Forest,/nottingham-forest/startseite/verein/703/saison_id/2024,33,€481.30m
Premier League,England,1,2024,Wolverhampton Wanderers,/wolverhampton-wanderers/startseite/verein/543/saison_id/2024,44,€433.05m
Premier League,England,1,2024,Brentford FC,/fc-brentford/startseite/verein/1148/saison_id/2024,38,€427.85m
Premier League,England,1,2024,West Ham United,/west-ham-united/startseite/verein/379/saison_id/2024,29,€400.70m
Premier League,England,1,2024,Everton FC,/fc-everton/startseite/verein/29/saison_id/2024,39,€363.23m
Premier League,England,1,2024,Fulham FC,/fc-fulham/startseite/verein/931/saison_id/2024,28,€362.35m
Premier League,England,1,2024,Southampton FC,/fc-southampton/startseite/verein/180/saison_id/2024,42,€310.05m
Premier League,England,1,2024,Ipswich Town,/ipswich-town/startseite/verein/677/saison_id/2024,35,€270.10m
Premier League,England,1,2024,Leicester City,/leicester-city/startseite/verein/1003/saison_id/2024,40,€253.35m
La Liga,Spain,2,2017,FC Barcelona,/fc-barcelona/startseite/verein/131/saison_id/2017,32,€1.09bn
La Liga,Spain,2,2017,Real Madrid,/real-madrid/startseite/verein/418/saison_id/2017,32,€955.35m
La Liga,Spain,2,2017,Atlético de Madrid,/atletico-madrid/startseite/verein/13/saison_id/2017,36,€711.15m
La Liga,Spain,2,2017,Valencia CF,/fc-valencia/startseite/verein/1049/saison_id/2017,30,€398.05m
La Liga,Spain,2,2017,Sevilla FC,/fc-sevilla/startseite/verein/368/saison_id/2017,33,€253.20m
La Liga,Spain,2,2017,Athletic Bilbao,/athletic-bilbao/startseite/verein/621/saison_id/2017,33,€249.40m
La Liga,Spain,2,2017,Real Sociedad,/real-sociedad-san-sebastian/startseite/verein/681/saison_id/2017,29,€232.95m
La Liga,Spain,2,2017,Villarreal CF,/fc-villarreal/startseite/verein/1050/saison_id/2017,40,€220.00m
La Liga,Spain,2,2017,Celta de Vigo,/celta-vigo/startseite/verein/940/saison_id/2017,32,€173.05m
La Liga,Spain,2,2017,Real Betis Balompié,/real-betis-sevilla/startseite/verein/150/saison_id/2017,31,€132.25m
La Liga,Spain,2,2017,RCD Espanyol Barcelona,/espanyol-barcelona/startseite/verein/714/saison_id/2017,29,€97.80m
La Liga,Spain,2,2017,UD Las Palmas,/ud-las-palmas/startseite/verein/472/saison_id/2017,38,€91.25m
La Liga,Spain,2,2017,Girona FC,/fc-girona/startseite/verein/12321/saison_id/2017,30,€81.75m
La Liga,Spain,2,2017,Deportivo Alavés,/deportivo-alaves/startseite/verein/1108/saison_id/2017,33,€74.80m
La Liga,Spain,2,2017,Deportivo de La Coruña,/deportivo-la-coruna/startseite/verein/897/saison_id/2017,36,€66.45m
La Liga,Spain,2,2017,Getafe CF,/fc-getafe/startseite/verein/3709/saison_id/2017,36,€65.60m
La Liga,Spain,2,2017,Levante UD,/ud-levante/startseite/verein/3368/saison_id/2017,37,€61.85m
La Liga,Spain,2,2017,SD Eibar,/sd-eibar/startseite/verein/1533/saison_id/2017,33,€60.05m
La Liga,Spain,2,2017,CD Leganés,/cd-leganes/startseite/verein/1244/saison_id/2017,34,€58.55m
La Liga,Spain,2,2017,Málaga CF,/fc-malaga/startseite/verein/1084/saison_id/2017,40,€55.20m
La Liga,Spain,2,2018,FC Barcelona,/fc-barcelona/startseite/verein/131/saison_id/2018,39,€1.16bn
La Liga,Spain,2,2018,Atlético de Madrid,/atletico-madrid/startseite/verein/13/saison_id/2018,37,€969.70m
La Liga,Spain,2,2018,Real Madrid,/real-madrid/startseite/verein/418/saison_id/2018,36,€896.10m
La Liga,Spain,2,2018,Valencia CF,/fc-valencia/startseite/verein/1049/saison_id/2018,33,€499.65m
La Liga,Spain,2,2018,Sevilla FC,/fc-sevilla/startseite/verein/368/saison_id/2018,38,€306.30m
La Liga,Spain,2,2018,Real Sociedad,/real-sociedad-san-sebastian/startseite/verein/681/saison_id/2018,33,€300.95m
La Liga,Spain,2,2018,Real Betis Balompié,/real-betis-sevilla/startseite/verein/150/saison_id/2018,34,€290.75m
La Liga,Spain,2,2018,Athletic Bilbao,/athletic-bilbao/startseite/verein/621/saison_id/2018,32,€234.25m
La Liga,Spain,2,2018,Celta de Vigo,/celta-vigo/startseite/verein/940/saison_id/2018,30,€234.10m
La Liga,Spain,2,2018,Villarreal CF,/fc-villarreal/startseite/verein/1050/saison_id/2018,32,€230.65m
La Liga,Spain,2,2018,RCD Espanyol Barcelona,/espanyol-barcelona/startseite/verein/714/saison_id/2018,30,€174.70m
La Liga,Spain,2,2018,Getafe CF,/fc-getafe/startseite/verein/3709/saison_id/2018,28,€132.20m
La Liga,Spain,2,2018,CD Leganés,/cd-leganes/startseite/verein/1244/saison_id/2018,38,€112.45m
La Liga,Spain,2,2018,Deportivo Alavés,/deportivo-alaves/startseite/verein/1108/saison_id/2018,29,€110.80m
La Liga,Spain,2,2018,Levante UD,/ud-levante/startseite/verein/3368/saison_id/2018,31,€107.85m
La Liga,Spain,2,2018,Girona FC,/fc-girona/startseite/verein/12321/saison_id/2018,33,€97.25m
La Liga,Spain,2,2018,SD Eibar,/sd-eibar/startseite/verein/1533/saison_id/2018,29,€93.90m
La Liga,Spain,2,2018,Rayo Vallecano,/rayo-vallecano/startseite/verein/367/saison_id/2018,36,€86.70m
La Liga,Spain,2,2018,Real Valladolid CF,/real-valladolid/startseite/verein/366/saison_id/2018,41,€83.00m
La Liga,Spain,2,2018,SD Huesca,/sd-huesca/startseite/verein/5358/saison_id/2018,39,€61.40m
La Liga,Spain,2,2019,FC Barcelona,/fc-barcelona/startseite/verein/131/saison_id/2019,42,€930.28m
La Liga,Spain,2,2019,Real Madrid,/real-madrid/startseite/verein/418/saison_id/2019,33,€913.75m
La Liga,Spain,2,2019,Atlético de Madrid,/atletico-madrid/startseite/verein/13/saison_id/2019,33,€720.15m
La Liga,Spain,2,2019,Valencia CF,/fc-valencia/startseite/verein/1049/saison_id/2019,33,€427.80m
La Liga,Spain,2,2019,Real Sociedad,/real-sociedad-san-sebastian/startseite/verein/681/saison_id/2019,36,€347.55m
La Liga,Spain,2,2019,Sevilla FC,/fc-sevilla/startseite/verein/368/saison_id/2019,35,€294.75m
La Liga,Spain,2,2019,Real Betis Balompié,/real-betis-sevilla/startseite/verein/150/saison_id/2019,38,€244.35m
La Liga,Spain,2,2019,Athletic Bilbao,/athletic-bilbao/startseite/verein/621/saison_id/2019,32,€211.75m
La Liga,Spain,2,2019,Villarreal CF,/fc-villarreal/startseite/verein/1050/saison_id/2019,33,€208.68m
La Liga,Spain,2,2019,Getafe CF,/fc-getafe/startseite/verein/3709/saison_id/2019,33,€175.45m
La Liga,Spain,2,2019,Celta de Vigo,/celta-vigo/startseite/verein/940/saison_id/2019,35,€167.00m
La Liga,Spain,2,2019,RCD Espanyol Barcelona,/espanyol-barcelona/startseite/verein/714/saison_id/2019,40,€156.05m
La Liga,Spain,2,2019,CD Leganés,/cd-leganes/startseite/verein/1244/saison_id/2019,39,€109.70m
La Liga,Spain,2,2019,Deportivo Alavés,/deportivo-alaves/startseite/verein/1108/saison_id/2019,37,€106.75m
La Liga,Spain,2,2019,Levante UD,/ud-levante/startseite/verein/3368/saison_id/2019,33,€90.50m
La Liga,Spain,2,2019,Real Valladolid CF,/real-valladolid/startseite/verein/366/saison_id/2019,37,€87.78m
La Liga,Spain,2,2019,RCD Mallorca,/rcd-mallorca/startseite/verein/237/saison_id/2019,35,€64.68m
La Liga,Spain,2,2019,CA Osasuna,/ca-osasuna/startseite/verein/331/saison_id/2019,37,€62.78m
La Liga,Spain,2,2019,Granada CF,/fc-granada/startseite/verein/16795/saison_id/2019,34,€56.58m
La Liga,Spain,2,2019,SD Eibar,/sd-eibar/startseite/verein/1533/saison_id/2019,29,€53.75m
La Liga,Spain,2,2020,FC Barcelona,/fc-barcelona/startseite/verein/131/saison_id/2020,32,€813.50m
La Liga,Spain,2,2020,Real Madrid,/real-madrid/startseite/verein/418/saison_id/2020,37,€787.30m
La Liga,Spain,2,2020,Atlético de Madrid,/atletico-madrid/startseite/verein/13/saison_id/2020,39,€773.10m
La Liga,Spain,2,2020,Sevilla FC,/fc-sevilla/startseite/verein/368/saison_id/2020,38,€418.25m
La Liga,Spain,2,2020,Real Sociedad,/real-sociedad-san-sebastian/startseite/verein/681/saison_id/2020,38,€406.60m
La Liga,Spain,2,2020,Villarreal CF,/fc-villarreal/startseite/verein/1050/saison_id/2020,36,€292.60m
La Liga,Spain,2,2020,Valencia CF,/fc-valencia/startseite/verein/1049/saison_id/2020,35,€278.85m
La Liga,Spain,2,2020,Real Betis Balompié,/real-betis-sevilla/startseite/verein/150/saison_id/2020,33,€207.70m
La Liga,Spain,2,2020,Athletic Bilbao,/athletic-bilbao/startseite/verein/621/saison_id/2020,32,€204.15m
La Liga,Spain,2,2020,Getafe CF,/fc-getafe/startseite/verein/3709/saison_id/2020,33,€170.10m
La Liga,Spain,2,2020,Celta de Vigo,/celta-vigo/startseite/verein/940/saison_id/2020,41,€155.85m
La Liga,Spain,2,2020,Granada CF,/fc-granada/startseite/verein/16795/saison_id/2020,44,€122.65m
La Liga,Spain,2,2020,Levante UD,/ud-levante/startseite/verein/3368/saison_id/2020,34,€113.00m
La Liga,Spain,2,2020,CA Osasuna,/ca-osasuna/startseite/verein/331/saison_id/2020,36,€96.75m
La Liga,Spain,2,2020,SD Eibar,/sd-eibar/startseite/verein/1533/saison_id/2020,34,€83.40m
La Liga,Spain,2,2020,Deportivo Alavés,/deportivo-alaves/startseite/verein/1108/saison_id/2020,35,€79.80m
La Liga,Spain,2,2020,SD Huesca,/sd-huesca/startseite/verein/5358/saison_id/2020,34,€64.10m
La Liga,Spain,2,2020,Real Valladolid CF,/real-valladolid/startseite/verein/366/saison_id/2020,41,€63.35m
La Liga,Spain,2,2020,Cádiz CF,/fc-cadiz/startseite/verein/2687/saison_id/2020,41,€47.65m
La Liga,Spain,2,2020,Elche CF,/fc-elche/startseite/verein/1531/saison_id/2020,41,€45.65m
La Liga,Spain,2,2021,Real Madrid,/real-madrid/startseite/verein/418/saison_id/2021,36,€770.75m
La Liga,Spain,2,2021,FC Barcelona,/fc-barcelona/startseite/verein/131/saison_id/2021,47,€735.60m
La Liga,Spain,2,2021,Atlético de Madrid,/atletico-madrid/startseite/verein/13/saison_id/2021,43,€661.80m
La Liga,Spain,2,2021,Villarreal CF,/fc-villarreal/startseite/verein/1050/saison_id/2021,39,€408.90m
La Liga,Spain,2,2021,Sevilla FC,/fc-sevilla/startseite/verein/368/saison_id/2021,43,€385.00m
La Liga,Spain,2,2021,Real Sociedad,/real-sociedad-san-sebastian/startseite/verein/681/saison_id/2021,40,€376.95m
La Liga,Spain,2,2021,Valencia CF,/fc-valencia/startseite/verein/1049/saison_id/2021,44,€310.60m
La Liga,Spain,2,2021,Real Betis Balompié,/real-betis-sevilla/startseite/verein/150/saison_id/2021,38,€259.00m
La Liga,Spain,2,2021,Athletic Bilbao,/athletic-bilbao/startseite/verein/621/saison_id/2021,31,€226.05m
La Liga,Spain,2,2021,Getafe CF,/fc-getafe/startseite/verein/3709/saison_id/2021,43,€208.68m
La Liga,Spain,2,2021,RCD Espanyol Barcelona,/espanyol-barcelona/startseite/verein/714/saison_id/2021,38,€131.60m
La Liga,Spain,2,2021,Celta de Vigo,/celta-vigo/startseite/verein/940/saison_id/2021,34,€120.00m
La Liga,Spain,2,2021,CA Osasuna,/ca-osasuna/startseite/verein/331/saison_id/2021,32,€108.45m
La Liga,Spain,2,2021,Granada CF,/fc-granada/startseite/verein/16795/saison_id/2021,39,€103.75m
La Liga,Spain,2,2021,Levante UD,/ud-levante/startseite/verein/3368/saison_id/2021,42,€77.90m
La Liga,Spain,2,2021,RCD Mallorca,/rcd-mallorca/startseite/verein/237/saison_id/2021,41,€74.15m
La Liga,Spain,2,2021,Elche CF,/fc-elche/startseite/verein/1531/saison_id/2021,37,€72.98m
La Liga,Spain,2,2021,Cádiz CF,/fc-cadiz/startseite/verein/2687/saison_id/2021,37,€67.80m
La Liga,Spain,2,2021,Rayo Vallecano,/rayo-vallecano/startseite/verein/367/saison_id/2021,36,€67.20m
La Liga,Spain,2,2021,Deportivo Alavés,/deportivo-alaves/startseite/verein/1108/saison_id/2021,43,€65.35m
La Liga,Spain,2,2022,Real Madrid,/real-madrid/startseite/verein/418/saison_id/2022,36,€923.45m
La Liga,Spain,2,2022,FC Barcelona,/fc-barcelona/startseite/verein/131/saison_id/2022,41,€836.80m
La Liga,Spain,2,2022,Atlético de Madrid,/atletico-madrid/startseite/verein/13/saison_id/2022,40,€534.30m
La Liga,Spain,2,2022,Real Sociedad,/real-sociedad-san-sebastian/startseite/verein/681/saison_id/2022,37,€441.70m
La Liga,Spain,2,2022,Villarreal CF,/fc-villarreal/startseite/verein/1050/saison_id/2022,43,€363.50m
La Liga,Spain,2,2022,Valencia CF,/fc-valencia/startseite/verein/1049/saison_id/2022,40,€249.78m
La Liga,Spain,2,2022,Real Betis Balompié,/real-betis-sevilla/startseite/verein/150/saison_id/2022,38,€246.40m
La Liga,Spain,2,2022,Sevilla FC,/fc-sevilla/startseite/verein/368/saison_id/2022,42,€232.58m
La Liga,Spain,2,2022,Athletic Bilbao,/athletic-bilbao/startseite/verein/621/saison_id/2022,31,€222.45m
La Liga,Spain,2,2022,CA Osasuna,/ca-osasuna/startseite/verein/331/saison_id/2022,31,€150.05m
La Liga,Spain,2,2022,Girona FC,/fc-girona/startseite/verein/12321/saison_id/2022,37,€139.90m
La Liga,Spain,2,2022,Celta de Vigo,/celta-vigo/startseite/verein/940/saison_id/2022,36,€138.80m
La Liga,Spain,2,2022,Getafe CF,/fc-getafe/startseite/verein/3709/saison_id/2022,34,€118.90m
La Liga,Spain,2,2022,RCD Espanyol Barcelona,/espanyol-barcelona/startseite/verein/714/saison_id/2022,37,€116.50m
La Liga,Spain,2,2022,UD Almería,/ud-almeria/startseite/verein/3302/saison_id/2022,36,€114.20m
La Liga,Spain,2,2022,RCD Mallorca,/rcd-mallorca/startseite/verein/237/saison_id/2022,38,€107.00m
La Liga,Spain,2,2022,Rayo Vallecano,/rayo-vallecano/startseite/verein/367/saison_id/2022,29,€103.40m
La Liga,Spain,2,2022,Real Valladolid CF,/real-valladolid/startseite/verein/366/saison_id/2022,41,€90.75m
La Liga,Spain,2,2022,Elche CF,/fc-elche/startseite/verein/1531/saison_id/2022,40,€67.50m
La Liga,Spain,2,2022,Cádiz CF,/fc-cadiz/startseite/verein/2687/saison_id/2022,47,€65.60m
La Liga,Spain,2,2023,Real Madrid,/real-madrid/startseite/verein/418/saison_id/2023,37,€1.14bn
La Liga,Spain,2,2023,FC Barcelona,/fc-barcelona/startseite/verein/131/saison_id/2023,38,€916.20m
La Liga,Spain,2,2023,Real Sociedad,/real-sociedad-san-sebastian/startseite/verein/681/saison_id/2023,40,€498.50m
La Liga,Spain,2,2023,Atlético de Madrid,/atletico-madrid/startseite/verein/13/saison_id/2023,42,€458.45m
La Liga,Spain,2,2023,Girona FC,/fc-girona/startseite/verein/12321/saison_id/2023,37,€297.90m
La Liga,Spain,2,2023,Athletic Bilbao,/athletic-bilbao/startseite/verein/621/saison_id/2023,31,€295.65m
La Liga,Spain,2,2023,Villarreal CF,/fc-villarreal/startseite/verein/1050/saison_id/2023,39,€252.50m
La Liga,Spain,2,2023,Valencia CF,/fc-valencia/startseite/verein/1049/saison_id/2023,36,€244.73m
La Liga,Spain,2,2023,Sevilla FC,/fc-sevilla/startseite/verein/368/saison_id/2023,49,€228.75m
La Liga,Spain,2,2023,Real Betis Balompié,/real-betis-sevilla/startseite/verein/150/saison_id/2023,42,€224.88m
La Liga,Spain,2,2023,Celta de Vigo,/celta-vigo/startseite/verein/940/saison_id/2023,39,€149.30m
La Liga,Spain,2,2023,Granada CF,/fc-granada/startseite/verein/16795/saison_id/2023,46,€141.10m
La Liga,Spain,2,2023,Getafe CF,/fc-getafe/startseite/verein/3709/saison_id/2023,40,€133.00m
La Liga,Spain,2,2023,Deportivo Alavés,/deportivo-alaves/startseite/verein/1108/saison_id/2023,41,€123.70m
La Liga,Spain,2,2023,UD Las Palmas,/ud-las-palmas/startseite/verein/472/saison_id/2023,35,€112.40m
La Liga,Spain,2,2023,CA Osasuna,/ca-osasuna/startseite/verein/331/saison_id/2023,32,€105.35m
La Liga,Spain,2,2023,UD Almería,/ud-almeria/startseite/verein/3302/saison_id/2023,41,€99.40m
La Liga,Spain,2,2023,RCD Mallorca,/rcd-mallorca/startseite/verein/237/saison_id/2023,35,€87.70m
La Liga,Spain,2,2023,Rayo Vallecano,/rayo-vallecano/startseite/verein/367/saison_id/2023,30,€63.95m
La Liga,Spain,2,2023,Cádiz CF,/fc-cadiz/startseite/verein/2687/saison_id/2023,44,€60.70m
La Liga,Spain,2,2024,Real Madrid,/real-madrid/startseite/verein/418/saison_id/2024,42,€1.35bn
La Liga,Spain,2,2024,FC Barcelona,/fc-barcelona/startseite/verein/131/saison_id/2024,39,€1.08bn
La Liga,Spain,2,2024,Atlético de Madrid,/atletico-madrid/startseite/verein/13/saison_id/2024,41,€542.50m
La Liga,Spain,2,2024,Athletic Bilbao,/athletic-bilbao/startseite/verein/621/saison_id/2024,37,€375.35m
La Liga,Spain,2,2024,Real Sociedad,/real-sociedad-san-sebastian/startseite/verein/681/saison_id/2024,39,€345.05m
La Liga,Spain,2,2024,Real Betis Balompié,/real-betis-sevilla/startseite/verein/150/saison_id/2024,46,€291.70m
La Liga,Spain,2,2024,Villarreal CF,/fc-villarreal/startseite/verein/1050/saison_id/2024,36,€264.25m
La Liga,Spain,2,2024,Valencia CF,/fc-valencia/startseite/verein/1049/saison_id/2024,44,€215.55m
La Liga,Spain,2,2024,Sevilla FC,/fc-sevilla/startseite/verein/368/saison_id/2024,44,€183.90m
La Liga,Spain,2,2024,Girona FC,/fc-girona/startseite/verein/12321/saison_id/2024,46,€153.10m
La Liga,Spain,2,2024,Celta de Vigo,/celta-vigo/startseite/verein/940/saison_id/2024,36,€130.90m
La Liga,Spain,2,2024,UD Las Palmas,/ud-las-palmas/startseite/verein/472/saison_id/2024,42,€117.30m
La Liga,Spain,2,2024,RCD Espanyol Barcelona,/espanyol-barcelona/startseite/verein/714/saison_id/2024,37,€116.98m
La Liga,Spain,2,2024,CA Osasuna,/ca-osasuna/startseite/verein/331/saison_id/2024,34,€113.28m
La Liga,Spain,2,2024,Deportivo Alavés,/deportivo-alaves/startseite/verein/1108/saison_id/2024,37,€92.35m
La Liga,Spain,2,2024,Getafe CF,/fc-getafe/startseite/verein/3709/saison_id/2024,37,€87.70m
La Liga,Spain,2,2024,RCD Mallorca,/rcd-mallorca/startseite/verein/237/saison_id/2024,31,€84.88m
La Liga,Spain,2,2024,Real Valladolid CF,/real-valladolid/startseite/verein/366/saison_id/2024,43,€81.45m
La Liga,Spain,2,2024,Rayo Vallecano,/rayo-vallecano/startseite/verein/367/saison_id/2024,34,€68.00m
La Liga,Spain,2,2024,CD Leganés,/cd-leganes/startseite/verein/1244/saison_id/2024,40,€47.98m
Bundesliga,Germany,3,2017,Bayern Munich,/fc-bayern-munchen/startseite/verein/27/saison_id/2017,38,€811.85m
Bundesliga,Germany,3,2017,Borussia Dortmund,/borussia-dortmund/startseite/verein/16/saison_id/2017,35,€574.20m
Bundesliga,Germany,3,2017,RB Leipzig,/rasenballsport-leipzig/startseite/verein/23826/saison_id/2017,28,€373.30m
Bundesliga,Germany,3,2017,Bayer 04 Leverkusen,/bayer-04-leverkusen/startseite/verein/15/saison_id/2017,27,€357.35m
Bundesliga,Germany,3,2017,FC Schalke 04,/fc-schalke-04/startseite/verein/33/saison_id/2017,29,€274.35m
Bundesliga,Germany,3,2017,TSG 1899 Hoffenheim,/tsg-1899-hoffenheim/startseite/verein/533/saison_id/2017,36,€212.75m
Bundesliga,Germany,3,2017,Borussia Mönchengladbach,/borussia-monchengladbach/startseite/verein/18/saison_id/2017,35,€193.25m
Bundesliga,Germany,3,2017,VfL Wolfsburg,/vfl-wolfsburg/startseite/verein/82/saison_id/2017,33,€143.60m
Bundesliga,Germany,3,2017,VfB Stuttgart,/vfb-stuttgart/startseite/verein/79/saison_id/2017,34,€134.70m
Bundesliga,Germany,3,2017,Hertha BSC,/hertha-bsc/startseite/verein/44/saison_id/2017,32,€131.45m
Bundesliga,Germany,3,2017,Eintracht Frankfurt,/eintracht-frankfurt/startseite/verein/24/saison_id/2017,36,€126.15m
Bundesliga,Germany,3,2017,SV Werder Bremen,/sv-werder-bremen/startseite/verein/86/saison_id/2017,33,€107.15m
Bundesliga,Germany,3,2017,SC Freiburg,/sc-freiburg/startseite/verein/60/saison_id/2017,36,€100.60m
Bundesliga,Germany,3,2017,FC Augsburg,/fc-augsburg/startseite/verein/167/saison_id/2017,33,€100.45m
Bundesliga,Germany,3,2017,1.FSV Mainz 05,/1-fsv-mainz-05/startseite/verein/39/saison_id/2017,33,€98.35m
Bundesliga,Germany,3,2017,Hannover 96,/hannover-96/startseite/verein/42/saison_id/2017,30,€92.95m
Bundesliga,Germany,3,2017,1.FC Köln,/1-fc-koln/startseite/verein/3/saison_id/2017,38,€91.73m
Bundesliga,Germany,3,2017,Hamburger SV,/hamburger-sv/startseite/verein/41/saison_id/2017,34,€62.40m
Bundesliga,Germany,3,2018,Bayern Munich,/fc-bayern-munchen/startseite/verein/27/saison_id/2018,32,€784.88m
Bundesliga,Germany,3,2018,Borussia Dortmund,/borussia-dortmund/startseite/verein/16/saison_id/2018,34,€643.25m
Bundesliga,Germany,3,2018,RB Leipzig,/rasenballsport-leipzig/startseite/verein/23826/saison_id/2018,34,€479.00m
Bundesliga,Germany,3,2018,Bayer 04 Leverkusen,/bayer-04-leverkusen/startseite/verein/15/saison_id/2018,31,€429.40m
Bundesliga,Germany,3,2018,TSG 1899 Hoffenheim,/tsg-1899-hoffenheim/startseite/verein/533/saison_id/2018,38,€336.25m
Bundesliga,Germany,3,2018,Eintracht Frankfurt,/eintracht-frankfurt/startseite/verein/24/saison_id/2018,47,€313.40m
Bundesliga,Germany,3,2018,Borussia Mönchengladbach,/borussia-monchengladbach/startseite/verein/18/saison_id/2018,30,€264.30m
Bundesliga,Germany,3,2018,VfL Wolfsburg,/vfl-wolfsburg/startseite/verein/82/saison_id/2018,36,€229.25m
Bundesliga,Germany,3,2018,FC Schalke 04,/fc-schalke-04/startseite/verein/33/saison_id/2018,39,€221.30m
Bundesliga,Germany,3,2018,Hertha BSC,/hertha-bsc/startseite/verein/44/saison_id/2018,36,€207.63m
Bundesliga,Germany,3,2018,SV Werder Bremen,/sv-werder-bremen/startseite/verein/86/saison_id/2018,33,€168.05m
Bundesliga,Germany,3,2018,1.FSV Mainz 05,/1-fsv-mainz-05/startseite/verein/39/saison_id/2018,35,€159.73m
Bundesliga,Germany,3,2018,VfB Stuttgart,/vfb-stuttgart/startseite/verein/79/saison_id/2018,34,€143.75m
Bundesliga,Germany,3,2018,FC Augsburg,/fc-augsburg/startseite/verein/167/saison_id/2018,40,€139.25m
Bundesliga,Germany,3,2018,SC Freiburg,/sc-freiburg/startseite/verein/60/saison_id/2018,34,€122.10m
Bundesliga,Germany,3,2018,Fortuna Düsseldorf,/fortuna-dusseldorf/startseite/verein/38/saison_id/2018,34,€94.95m
Bundesliga,Germany,3,2018,Hannover 96,/hannover-96/startseite/verein/42/saison_id/2018,37,€91.43m
Bundesliga,Germany,3,2018,1.FC Nuremberg,/1-fc-nurnberg/startseite/verein/4/saison_id/2018,29,€54.40m
Bundesliga,Germany,3,2019,Bayern Munich,/fc-bayern-munchen/startseite/verein/27/saison_id/2019,38,€777.33m
Bundesliga,Germany,3,2019,Borussia Dortmund,/borussia-dortmund/startseite/verein/16/saison_id/2019,37,€654.05m
Bundesliga,Germany,3,2019,RB Leipzig,/rasenballsport-leipzig/startseite/verein/23826/saison_id/2019,38,€570.48m
Bundesliga,Germany,3,2019,Bayer 04 Leverkusen,/bayer-04-leverkusen/startseite/verein/15/saison_id/2019,29,€398.95m
Bundesliga,Germany,3,2019,Borussia Mönchengladbach,/borussia-monchengladbach/startseite/verein/18/saison_id/2019,34,€254.70m
Bundesliga,Germany,3,2019,TSG 1899 Hoffenheim,/tsg-1899-hoffenheim/startseite/verein/533/saison_id/2019,37,€226.05m
Bundesliga,Germany,3,2019,FC Schalke 04,/fc-schalke-04/startseite/verein/33/saison_id/2019,33,€221.58m
Bundesliga,Germany,3,2019,Hertha BSC,/hertha-bsc/startseite/verein/44/saison_id/2019,42,€217.20m
Bundesliga,Germany,3,2019,Eintracht Frankfurt,/eintracht-frankfurt/startseite/verein/24/saison_id/2019,35,€208.98m
Bundesliga,Germany,3,2019,VfL Wolfsburg,/vfl-wolfsburg/startseite/verein/82/saison_id/2019,38,€207.60m
Bundesliga,Germany,3,2019,SV Werder Bremen,/sv-werder-bremen/startseite/verein/86/saison_id/2019,36,€135.13m
Bundesliga,Germany,3,2019,SC Freiburg,/sc-freiburg/startseite/verein/60/saison_id/2019,30,€122.65m
Bundesliga,Germany,3,2019,1.FSV Mainz 05,/1-fsv-mainz-05/startseite/verein/39/saison_id/2019,35,€121.58m
Bundesliga,Germany,3,2019,FC Augsburg,/fc-augsburg/startseite/verein/167/saison_id/2019,37,€112.95m
Bundesliga,Germany,3,2019,1.FC Köln,/1-fc-koln/startseite/verein/3/saison_id/2019,35,€98.48m
Bundesliga,Germany,3,2019,Fortuna Düsseldorf,/fortuna-dusseldorf/startseite/verein/38/saison_id/2019,37,€71.78m
Bundesliga,Germany,3,2019,1.FC Union Berlin,/1-fc-union-berlin/startseite/verein/89/saison_id/2019,34,€41.20m
Bundesliga,Germany,3,2019,SC Paderborn 07,/sc-paderborn-07/startseite/verein/127/saison_id/2019,32,€28.90m
Bundesliga,Germany,3,2020,Bayern Munich,/fc-bayern-munchen/startseite/verein/27/saison_id/2020,45,€858.23m
Bundesliga,Germany,3,2020,Borussia Dortmund,/borussia-dortmund/startseite/verein/16/saison_id/2020,32,€628.40m
Bundesliga,Germany,3,2020,RB Leipzig,/rasenballsport-leipzig/startseite/verein/23826/saison_id/2020,32,€574.95m
Bundesliga,Germany,3,2020,Bayer 04 Leverkusen,/bayer-04-leverkusen/startseite/verein/15/saison_id/2020,33,€373.25m
Bundesliga,Germany,3,2020,Borussia Mönchengladbach,/borussia-monchengladbach/startseite/verein/18/saison_id/2020,33,€300.75m
Bundesliga,Germany,3,2020,Eintracht Frankfurt,/eintracht-frankfurt/startseite/verein/24/saison_id/2020,36,€269.15m
Bundesliga,Germany,3,2020,VfL Wolfsburg,/vfl-wolfsburg/startseite/verein/82/saison_id/2020,30,€256.83m
Bundesliga,Germany,3,2020,Hertha BSC,/hertha-bsc/startseite/verein/44/saison_id/2020,38,€228.88m
Bundesliga,Germany,3,2020,TSG 1899 Hoffenheim,/tsg-1899-hoffenheim/startseite/verein/533/saison_id/2020,37,€228.15m
Bundesliga,Germany,3,2020,VfB Stuttgart,/vfb-stuttgart/startseite/verein/79/saison_id/2020,32,€189.25m
Bundesliga,Germany,3,2020,1.FSV Mainz 05,/1-fsv-mainz-05/startseite/verein/39/saison_id/2020,36,€163.30m
Bundesliga,Germany,3,2020,SC Freiburg,/sc-freiburg/startseite/verein/60/saison_id/2020,30,€139.10m
Bundesliga,Germany,3,2020,FC Schalke 04,/fc-schalke-04/startseite/verein/33/saison_id/2020,45,€123.05m
Bundesliga,Germany,3,2020,1.FC Köln,/1-fc-koln/startseite/verein/3/saison_id/2020,36,€118.20m
Bundesliga,Germany,3,2020,SV Werder Bremen,/sv-werder-bremen/startseite/verein/86/saison_id/2020,33,€111.98m
Bundesliga,Germany,3,2020,FC Augsburg,/fc-augsburg/startseite/verein/167/saison_id/2020,31,€93.05m
Bundesliga,Germany,3,2020,1.FC Union Berlin,/1-fc-union-berlin/startseite/verein/89/saison_id/2020,33,€82.05m
Bundesliga,Germany,3,2020,Arminia Bielefeld,/arminia-bielefeld/startseite/verein/10/saison_id/2020,33,€56.73m
Bundesliga,Germany,3,2021,Bayern Munich,/fc-bayern-munchen/startseite/verein/27/saison_id/2021,38,€790.33m
Bundesliga,Germany,3,2021,Borussia Dortmund,/borussia-dortmund/startseite/verein/16/saison_id/2021,44,€558.98m
Bundesliga,Germany,3,2021,RB Leipzig,/rasenballsport-leipzig/startseite/verein/23826/saison_id/2021,34,€498.95m
Bundesliga,Germany,3,2021,Bayer 04 Leverkusen,/bayer-04-leverkusen/startseite/verein/15/saison_id/2021,35,€455.05m
Bundesliga,Germany,3,2021,VfL Wolfsburg,/vfl-wolfsburg/startseite/verein/82/saison_id/2021,37,€269.30m
Bundesliga,Germany,3,2021,Borussia Mönchengladbach,/borussia-monchengladbach/startseite/verein/18/saison_id/2021,31,€236.80m
Bundesliga,Germany,3,2021,Eintracht Frankfurt,/eintracht-frankfurt/startseite/verein/24/saison_id/2021,36,€228.75m
Bundesliga,Germany,3,2021,TSG 1899 Hoffenheim,/tsg-1899-hoffenheim/startseite/verein/533/saison_id/2021,40,€211.43m
Bundesliga,Germany,3,2021,SC Freiburg,/sc-freiburg/startseite/verein/60/saison_id/2021,32,€176.35m
Bundesliga,Germany,3,2021,VfB Stuttgart,/vfb-stuttgart/startseite/verein/79/saison_id/2021,39,€174.23m
Bundesliga,Germany,3,2021,Hertha BSC,/hertha-bsc/startseite/verein/44/saison_id/2021,45,€155.78m
Bundesliga,Germany,3,2021,1.FSV Mainz 05,/1-fsv-mainz-05/startseite/verein/39/saison_id/2021,34,€131.03m
Bundesliga,Germany,3,2021,1.FC Union Berlin,/1-fc-union-berlin/startseite/verein/89/saison_id/2021,40,€115.90m
Bundesliga,Germany,3,2021,1.FC Köln,/1-fc-koln/startseite/verein/3/saison_id/2021,31,€99.28m
Bundesliga,Germany,3,2021,FC Augsburg,/fc-augsburg/startseite/verein/167/saison_id/2021,32,€95.30m
Bundesliga,Germany,3,2021,Arminia Bielefeld,/arminia-bielefeld/startseite/verein/10/saison_id/2021,34,€65.85m
Bundesliga,Germany,3,2021,VfL Bochum,/vfl-bochum/startseite/verein/80/saison_id/2021,33,€52.25m
Bundesliga,Germany,3,2021,SpVgg Greuther Fürth,/spvgg-greuther-furth/startseite/verein/65/saison_id/2021,34,€36.95m
Bundesliga,Germany,3,2022,Bayern Munich,/fc-bayern-munchen/startseite/verein/27/saison_id/2022,35,€948.95m
Bundesliga,Germany,3,2022,Borussia Dortmund,/borussia-dortmund/startseite/verein/16/saison_id/2022,37,€567.55m
Bundesliga,Germany,3,2022,RB Leipzig,/rasenballsport-leipzig/startseite/verein/23826/saison_id/2022,29,€486.40m
Bundesliga,Germany,3,2022,Bayer 04 Leverkusen,/bayer-04-leverkusen/startseite/verein/15/saison_id/2022,35,€452.50m
Bundesliga,Germany,3,2022,Eintracht Frankfurt,/eintracht-frankfurt/startseite/verein/24/saison_id/2022,36,€324.55m
Bundesliga,Germany,3,2022,Borussia Mönchengladbach,/borussia-monchengladbach/startseite/verein/18/saison_id/2022,35,€241.68m
Bundesliga,Germany,3,2022,VfL Wolfsburg,/vfl-wolfsburg/startseite/verein/82/saison_id/2022,33,€238.30m
Bundesliga,Germany,3,2022,SC Freiburg,/sc-freiburg/startseite/verein/60/saison_id/2022,29,€200.95m
Bundesliga,Germany,3,2022,TSG 1899 Hoffenheim,/tsg-1899-hoffenheim/startseite/verein/533/saison_id/2022,37,€178.80m
Bundesliga,Germany,3,2022,1.FC Union Berlin,/1-fc-union-berlin/startseite/verein/89/saison_id/2022,36,€157.95m
Bundesliga,Germany,3,2022,VfB Stuttgart,/vfb-stuttgart/startseite/verein/79/saison_id/2022,39,€151.05m
Bundesliga,Germany,3,2022,1.FSV Mainz 05,/1-fsv-mainz-05/startseite/verein/39/saison_id/2022,35,€135.90m
Bundesliga,Germany,3,2022,FC Augsburg,/fc-augsburg/startseite/verein/167/saison_id/2022,42,€132.23m
Bundesliga,Germany,3,2022,1.FC Köln,/1-fc-koln/startseite/verein/3/saison_id/2022,39,€115.65m
Bundesliga,Germany,3,2022,Hertha BSC,/hertha-bsc/startseite/verein/44/saison_id/2022,41,€94.00m
Bundesliga,Germany,3,2022,SV Werder Bremen,/sv-werder-bremen/startseite/verein/86/saison_id/2022,33,€89.50m
Bundesliga,Germany,3,2022,FC Schalke 04,/fc-schalke-04/startseite/verein/33/saison_id/2022,43,€87.78m
Bundesliga,Germany,3,2022,VfL Bochum,/vfl-bochum/startseite/verein/80/saison_id/2022,32,€53.70m
Bundesliga,Germany,3,2023,Bayern Munich,/fc-bayern-munchen/startseite/verein/27/saison_id/2023,39,€965.15m
Bundesliga,Germany,3,2023,Bayer 04 Leverkusen,/bayer-04-leverkusen/startseite/verein/15/saison_id/2023,32,€658.35m
Bundesliga,Germany,3,2023,RB Leipzig,/rasenballsport-leipzig/startseite/verein/23826/saison_id/2023,32,€545.40m
Bundesliga,Germany,3,2023,Borussia Dortmund,/borussia-dortmund/startseite/verein/16/saison_id/2023,36,€494.80m
Bundesliga,Germany,3,2023,VfB Stuttgart,/vfb-stuttgart/startseite/verein/79/saison_id/2023,38,€346.63m
Bundesliga,Germany,3,2023,Eintracht Frankfurt,/eintracht-frankfurt/startseite/verein/24/saison_id/2023,46,€326.65m
Bundesliga,Germany,3,2023,VfL Wolfsburg,/vfl-wolfsburg/startseite/verein/82/saison_id/2023,33,€206.45m
Bundesliga,Germany,3,2023,SC Freiburg,/sc-freiburg/startseite/verein/60/saison_id/2023,34,€180.35m
Bundesliga,Germany,3,2023,TSG 1899 Hoffenheim,/tsg-1899-hoffenheim/startseite/verein/533/saison_id/2023,34,€176.00m
Bundesliga,Germany,3,2023,Borussia Mönchengladbach,/borussia-monchengladbach/startseite/verein/18/saison_id/2023,33,€165.23m
Bundesliga,Germany,3,2023,1.FC Union Berlin,/1-fc-union-berlin/startseite/verein/89/saison_id/2023,35,€160.95m
Bundesliga,Germany,3,2023,1.FSV Mainz 05,/1-fsv-mainz-05/startseite/verein/39/saison_id/2023,34,€142.88m
Bundesliga,Germany,3,2023,FC Augsburg,/fc-augsburg/startseite/verein/167/saison_id/2023,38,€140.80m
Bundesliga,Germany,3,2023,SV Werder Bremen,/sv-werder-bremen/startseite/verein/86/saison_id/2023,35,€134.93m
Bundesliga,Germany,3,2023,1.FC Köln,/1-fc-koln/startseite/verein/3/saison_id/2023,33,€81.45m
Bundesliga,Germany,3,2023,1.FC Heidenheim 1846,/1-fc-heidenheim-1846/startseite/verein/2036/saison_id/2023,28,€66.45m
Bundesliga,Germany,3,2023,VfL Bochum,/vfl-bochum/startseite/verein/80/saison_id/2023,34,€64.53m
Bundesliga,Germany,3,2023,SV Darmstadt 98,/sv-darmstadt-98/startseite/verein/105/saison_id/2023,34,€38.70m
Bundesliga,Germany,3,2024,Bayern Munich,/fc-bayern-munchen/startseite/verein/27/saison_id/2024,43,€953.55m
Bundesliga,Germany,3,2024,Bayer 04 Leverkusen,/bayer-04-leverkusen/startseite/verein/15/saison_id/2024,34,€623.35m
Bundesliga,Germany,3,2024,RB Leipzig,/rasenballsport-leipzig/startseite/verein/23826/saison_id/2024,37,€513.70m
Bundesliga,Germany,3,2024,Borussia Dortmund,/borussia-dortmund/startseite/verein/16/saison_id/2024,43,€508.28m
Bundesliga,Germany,3,2024,Eintracht Frankfurt,/eintracht-frankfurt/startseite/verein/24/saison_id/2024,33,€431.25m
Bundesliga,Germany,3,2024,VfB Stuttgart,/vfb-stuttgart/startseite/verein/79/saison_id/2024,39,€365.23m
Bundesliga,Germany,3,2024,VfL Wolfsburg,/vfl-wolfsburg/startseite/verein/82/saison_id/2024,39,€296.30m
Bundesliga,Germany,3,2024,Borussia Mönchengladbach,/borussia-monchengladbach/startseite/verein/18/saison_id/2024,31,€187.50m
Bundesliga,Germany,3,2024,TSG 1899 Hoffenheim,/tsg-1899-hoffenheim/startseite/verein/533/saison_id/2024,48,€187.10m
Bundesliga,Germany,3,2024,SC Freiburg,/sc-freiburg/startseite/verein/60/saison_id/2024,31,€186.20m
Bundesliga,Germany,3,2024,1.FSV Mainz 05,/1-fsv-mainz-05/startseite/verein/39/saison_id/2024,30,€175.13m
Bundesliga,Germany,3,2024,FC Augsburg,/fc-augsburg/startseite/verein/167/saison_id/2024,36,€158.88m
Bundesliga,Germany,3,2024,1.FC Union Berlin,/1-fc-union-berlin/startseite/verein/89/saison_id/2024,31,€136.05m
Bundesliga,Germany,3,2024,SV Werder Bremen,/sv-werder-bremen/startseite/verein/86/saison_id/2024,33,€132.00m
Bundesliga,Germany,3,2024,1.FC Heidenheim 1846,/1-fc-heidenheim-1846/startseite/verein/2036/saison_id/2024,31,€72.53m
Bundesliga,Germany,3,2024,FC St. Pauli,/fc-st-pauli/startseite/verein/35/saison_id/2024,38,€65.78m
Bundesliga,Germany,3,2024,VfL Bochum,/vfl-bochum/startseite/verein/80/saison_id/2024,33,€57.10m
Bundesliga,Germany,3,2024,Holstein Kiel,/holstein-kiel/startseite/verein/269/saison_id/2024,30,€47.13m
Serie A,Italy,4,2017,Juventus FC,/juventus-turin/startseite/verein/506/saison_id/2017,33,€653.15m
Serie A,Italy,4,2017,SSC Napoli,/ssc-neapel/startseite/verein/6195/saison_id/2017,40,€504.25m
Serie A,Italy,4,2017,Inter Milan,/inter-mailand/startseite/verein/46/saison_id/2017,34,€487.28m
Serie A,Italy,4,2017,AS Roma,/as-rom/startseite/verein/12/saison_id/2017,47,€469.10m
Serie A,Italy,4,2017,SS Lazio,/lazio-rom/startseite/verein/398/saison_id/2017,44,€408.78m
Serie A,Italy,4,2017,AC Milan,/ac-mailand/startseite/verein/5/saison_id/2017,42,€407.05m
Serie A,Italy,4,2017,ACF Fiorentina,/ac-florenz/startseite/verein/430/saison_id/2017,41,€237.33m
Serie A,Italy,4,2017,Atalanta BC,/atalanta-bergamo/startseite/verein/800/saison_id/2017,37,€207.95m
Serie A,Italy,4,2017,UC Sampdoria,/sampdoria-genua/startseite/verein/1038/saison_id/2017,39,€190.45m
Serie A,Italy,4,2017,Torino FC,/fc-turin/startseite/verein/416/saison_id/2017,51,€175.53m
Serie A,Italy,4,2017,Genoa CFC,/genua-cfc/startseite/verein/252/saison_id/2017,44,€135.13m
Serie A,Italy,4,2017,US Sassuolo,/us-sassuolo/startseite/verein/6574/saison_id/2017,39,€126.78m
Serie A,Italy,4,2017,Udinese Calcio,/udinese-calcio/startseite/verein/410/saison_id/2017,46,€108.03m
Serie A,Italy,4,2017,Bologna FC 1909,/fc-bologna/startseite/verein/1025/saison_id/2017,41,€103.55m
Serie A,Italy,4,2017,Cagliari Calcio,/cagliari-calcio/startseite/verein/1390/saison_id/2017,41,€98.58m
Serie A,Italy,4,2017,SPAL 2013,/spal/startseite/verein/2722/saison_id/2017,42,€63.55m
Serie A,Italy,4,2017,Benevento Calcio,/benevento-calcio/startseite/verein/4171/saison_id/2017,48,€57.83m
Serie A,Italy,4,2017,Hellas Verona,/hellas-verona/startseite/verein/276/saison_id/2017,41,€56.50m
Serie A,Italy,4,2017,Chievo Verona,/chievo-verona/startseite/verein/862/saison_id/2017,36,€55.23m
Serie A,Italy,4,2017,FC Crotone,/fc-crotone/startseite/verein/4083/saison_id/2017,40,€47.88m
Serie A,Italy,4,2018,Juventus FC,/juventus-turin/startseite/verein/506/saison_id/2018,59,€871.05m
Serie A,Italy,4,2018,SSC Napoli,/ssc-neapel/startseite/verein/6195/saison_id/2018,54,€646.80m
Serie A,Italy,4,2018,Inter Milan,/inter-mailand/startseite/verein/46/saison_id/2018,60,€617.93m
Serie A,Italy,4,2018,AC Milan,/ac-mailand/startseite/verein/5/saison_id/2018,45,€578.48m
Serie A,Italy,4,2018,AS Roma,/as-rom/startseite/verein/12/saison_id/2018,57,€459.05m
Serie A,Italy,4,2018,Atalanta BC,/atalanta-bergamo/startseite/verein/800/saison_id/2018,88,€367.68m
Serie A,Italy,4,2018,ACF Fiorentina,/ac-florenz/startseite/verein/430/saison_id/2018,56,€315.33m
Serie A,Italy,4,2018,SS Lazio,/lazio-rom/startseite/verein/398/saison_id/2018,57,€291.15m
Serie A,Italy,4,2018,US Sassuolo,/us-sassuolo/startseite/verein/6574/saison_id/2018,59,€242.05m
Serie A,Italy,4,2018,Torino FC,/fc-turin/startseite/verein/416/saison_id/2018,62,€239.23m
Serie A,Italy,4,2018,UC Sampdoria,/sampdoria-genua/startseite/verein/1038/saison_id/2018,59,€216.75m
Serie A,Italy,4,2018,Udinese Calcio,/udinese-calcio/startseite/verein/410/saison_id/2018,56,€201.20m
Serie A,Italy,4,2018,Genoa CFC,/genua-cfc/startseite/verein/252/saison_id/2018,69,€191.73m
Serie A,Italy,4,2018,Cagliari Calcio,/cagliari-calcio/startseite/verein/1390/saison_id/2018,49,€155.38m
Serie A,Italy,4,2018,Bologna FC 1909,/fc-bologna/startseite/verein/1025/saison_id/2018,48,€119.68m
Serie A,Italy,4,2018,FC Empoli,/fc-empoli/startseite/verein/749/saison_id/2018,59,€105.60m
Serie A,Italy,4,2018,SPAL,/spal/startseite/verein/2722/saison_id/2018,51,€97.40m
Serie A,Italy,4,2018,Parma Calcio 1913,/parma-calcio-1913/startseite/verein/130/saison_id/2018,70,€95.75m
Serie A,Italy,4,2018,Chievo Verona,/chievo-verona/startseite/verein/862/saison_id/2018,68,€54.70m
Serie A,Italy,4,2018,Frosinone Calcio,/frosinone-calcio/startseite/verein/8970/saison_id/2018,44,€54.53m
Serie A,Italy,4,2019,Juventus FC,/juventus-turin/startseite/verein/506/saison_id/2019,38,€661.88m
Serie A,Italy,4,2019,Inter Milan,/inter-mailand/startseite/verein/46/saison_id/2019,34,€606.05m
Serie A,Italy,4,2019,SSC Napoli,/ssc-neapel/startseite/verein/6195/saison_id/2019,33,€548.28m
Serie A,Italy,4,2019,AC Milan,/ac-mailand/startseite/verein/5/saison_id/2019,37,€404.33m
Serie A,Italy,4,2019,AS Roma,/as-rom/startseite/verein/12/saison_id/2019,36,€392.73m
Serie A,Italy,4,2019,SS Lazio,/lazio-rom/startseite/verein/398/saison_id/2019,34,€303.88m
Serie A,Italy,4,2019,ACF Fiorentina,/ac-florenz/startseite/verein/430/saison_id/2019,42,€302.23m
Serie A,Italy,4,2019,Atalanta BC,/atalanta-bergamo/startseite/verein/800/saison_id/2019,37,€291.43m
Serie A,Italy,4,2019,US Sassuolo,/us-sassuolo/startseite/verein/6574/saison_id/2019,44,€167.98m
Serie A,Italy,4,2019,Cagliari Calcio,/cagliari-calcio/startseite/verein/1390/saison_id/2019,41,€167.83m
Serie A,Italy,4,2019,Torino FC,/fc-turin/startseite/verein/416/saison_id/2019,37,€163.55m
Serie A,Italy,4,2019,Genoa CFC,/genua-cfc/startseite/verein/252/saison_id/2019,43,€142.38m
Serie A,Italy,4,2019,UC Sampdoria,/sampdoria-genua/startseite/verein/1038/saison_id/2019,38,€135.28m
Serie A,Italy,4,2019,Bologna FC 1909,/fc-bologna/startseite/verein/1025/saison_id/2019,40,€129.65m
Serie A,Italy,4,2019,Parma Calcio 1913,/parma-calcio-1913/startseite/verein/130/saison_id/2019,40,€128.75m
Serie A,Italy,4,2019,Udinese Calcio,/udinese-calcio/startseite/verein/410/saison_id/2019,39,€121.08m
Serie A,Italy,4,2019,Hellas Verona,/hellas-verona/startseite/verein/276/saison_id/2019,40,€112.53m
Serie A,Italy,4,2019,Brescia Calcio (- 2025),/brescia-calcio/startseite/verein/19/saison_id/2019,33,€83.23m
Serie A,Italy,4,2019,SPAL,/spal/startseite/verein/2722/saison_id/2019,42,€73.63m
Serie A,Italy,4,2019,US Lecce,/us-lecce/startseite/verein/1005/saison_id/2019,47,€52.33m
Serie A,Italy,4,2020,Inter Milan,/inter-mailand/startseite/verein/46/saison_id/2020,41,€663.90m
Serie A,Italy,4,2020,Juventus FC,/juventus-turin/startseite/verein/506/saison_id/2020,45,€633.30m
Serie A,Italy,4,2020,AC Milan,/ac-mailand/startseite/verein/5/saison_id/2020,42,€547.78m
Serie A,Italy,4,2020,SSC Napoli,/ssc-neapel/startseite/verein/6195/saison_id/2020,32,€530.20m
Serie A,Italy,4,2020,Atalanta BC,/atalanta-bergamo/startseite/verein/800/saison_id/2020,39,€430.00m
Serie A,Italy,4,2020,AS Roma,/as-rom/startseite/verein/12/saison_id/2020,46,€395.65m
Serie A,Italy,4,2020,SS Lazio,/lazio-rom/startseite/verein/398/saison_id/2020,44,€326.33m
Serie A,Italy,4,2020,ACF Fiorentina,/ac-florenz/startseite/verein/430/saison_id/2020,41,€286.80m
Serie A,Italy,4,2020,US Sassuolo,/us-sassuolo/startseite/verein/6574/saison_id/2020,39,€241.74m
Serie A,Italy,4,2020,Cagliari Calcio,/cagliari-calcio/startseite/verein/1390/saison_id/2020,42,€187.83m
Serie A,Italy,4,2020,Torino FC,/fc-turin/startseite/verein/416/saison_id/2020,40,€175.28m
Serie A,Italy,4,2020,Udinese Calcio,/udinese-calcio/startseite/verein/410/saison_id/2020,42,€173.00m
Serie A,Italy,4,2020,Hellas Verona,/hellas-verona/startseite/verein/276/saison_id/2020,46,€157.21m
Serie A,Italy,4,2020,Bologna FC 1909,/fc-bologna/startseite/verein/1025/saison_id/2020,45,€153.60m
Serie A,Italy,4,2020,Parma Calcio 1913,/parma-calcio-1913/startseite/verein/130/saison_id/2020,53,€128.70m
Serie A,Italy,4,2020,UC Sampdoria,/sampdoria-genua/startseite/verein/1038/saison_id/2020,34,€127.18m
Serie A,Italy,4,2020,Genoa CFC,/genua-cfc/startseite/verein/252/saison_id/2020,44,€111.93m
Serie A,Italy,4,2020,Spezia Calcio,/spezia-calcio/startseite/verein/3522/saison_id/2020,39,€71.68m
Serie A,Italy,4,2020,FC Crotone,/fc-crotone/startseite/verein/4083/saison_id/2020,41,€52.75m
Serie A,Italy,4,2020,Benevento Calcio,/benevento-calcio/startseite/verein/4171/saison_id/2020,36,€50.13m
Serie A,Italy,4,2021,Juventus FC,/juventus-turin/startseite/verein/506/saison_id/2021,43,€642.50m
Serie A,Italy,4,2021,Inter Milan,/inter-mailand/startseite/verein/46/saison_id/2021,36,€558.55m
Serie A,Italy,4,2021,AC Milan,/ac-mailand/startseite/verein/5/saison_id/2021,37,€546.95m
Serie A,Italy,4,2021,SSC Napoli,/ssc-neapel/startseite/verein/6195/saison_id/2021,37,€477.23m
Serie A,Italy,4,2021,Atalanta BC,/atalanta-bergamo/startseite/verein/800/saison_id/2021,44,€398.75m
Serie A,Italy,4,2021,AS Roma,/as-rom/startseite/verein/12/saison_id/2021,39,€381.25m
Serie A,Italy,4,2021,ACF Fiorentina,/ac-florenz/startseite/verein/430/saison_id/2021,38,€325.80m
Serie A,Italy,4,2021,SS Lazio,/lazio-rom/startseite/verein/398/saison_id/2021,35,€264.53m
Serie A,Italy,4,2021,US Sassuolo,/us-sassuolo/startseite/verein/6574/saison_id/2021,43,€251.00m
Serie A,Italy,4,2021,Torino FC,/fc-turin/startseite/verein/416/saison_id/2021,41,€223.40m
Serie A,Italy,4,2021,Bologna FC 1909,/fc-bologna/startseite/verein/1025/saison_id/2021,45,€186.20m
Serie A,Italy,4,2021,Hellas Verona,/hellas-verona/startseite/verein/276/saison_id/2021,43,€162.98m
Serie A,Italy,4,2021,Udinese Calcio,/udinese-calcio/startseite/verein/410/saison_id/2021,44,€142.30m
Serie A,Italy,4,2021,Cagliari Calcio,/cagliari-calcio/startseite/verein/1390/saison_id/2021,46,€134.53m
Serie A,Italy,4,2021,UC Sampdoria,/sampdoria-genua/startseite/verein/1038/saison_id/2021,46,€128.55m
Serie A,Italy,4,2021,FC Empoli,/fc-empoli/startseite/verein/749/saison_id/2021,40,€126.50m
Serie A,Italy,4,2021,Genoa CFC,/genua-cfc/startseite/verein/252/saison_id/2021,47,€121.28m
Serie A,Italy,4,2021,Venezia FC,/venezia-fc/startseite/verein/607/saison_id/2021,51,€80.98m
Serie A,Italy,4,2021,Spezia Calcio,/spezia-calcio/startseite/verein/3522/saison_id/2021,34,€78.50m
Serie A,Italy,4,2021,US Salernitana 1919,/us-salernitana-1919/startseite/verein/380/saison_id/2021,51,€70.56m
Serie A,Italy,4,2022,SSC Napoli,/ssc-neapel/startseite/verein/6195/saison_id/2022,31,€654.08m
Serie A,Italy,4,2022,Inter Milan,/inter-mailand/startseite/verein/46/saison_id/2022,35,€567.55m
Serie A,Italy,4,2022,AC Milan,/ac-mailand/startseite/verein/5/saison_id/2022,36,€545.10m
Serie A,Italy,4,2022,Juventus FC,/juventus-turin/startseite/verein/506/saison_id/2022,40,€483.13m
Serie A,Italy,4,2022,AS Roma,/as-rom/startseite/verein/12/saison_id/2022,47,€361.38m
Serie A,Italy,4,2022,Atalanta BC,/atalanta-bergamo/startseite/verein/800/saison_id/2022,38,€338.38m
Serie A,Italy,4,2022,SS Lazio,/lazio-rom/startseite/verein/398/saison_id/2022,33,€266.43m
Serie A,Italy,4,2022,ACF Fiorentina,/ac-florenz/startseite/verein/430/saison_id/2022,38,€258.80m
Serie A,Italy,4,2022,US Sassuolo,/us-sassuolo/startseite/verein/6574/saison_id/2022,35,€232.20m
Serie A,Italy,4,2022,Torino FC,/fc-turin/startseite/verein/416/saison_id/2022,38,€197.19m
Serie A,Italy,4,2022,Udinese Calcio,/udinese-calcio/startseite/verein/410/saison_id/2022,38,€188.86m
Serie A,Italy,4,2022,Bologna FC 1909,/fc-bologna/startseite/verein/1025/saison_id/2022,38,€153.63m
Serie A,Italy,4,2022,AC Monza,/ac-monza/startseite/verein/2919/saison_id/2022,41,€135.70m
Serie A,Italy,4,2022,FC Empoli,/fc-empoli/startseite/verein/749/saison_id/2022,44,€125.53m
Serie A,Italy,4,2022,Hellas Verona,/hellas-verona/startseite/verein/276/saison_id/2022,46,€123.89m
Serie A,Italy,4,2022,US Salernitana 1919,/us-salernitana-1919/startseite/verein/380/saison_id/2022,45,€118.35m
Serie A,Italy,4,2022,Spezia Calcio,/spezia-calcio/startseite/verein/3522/saison_id/2022,48,€115.81m
Serie A,Italy,4,2022,US Lecce,/us-lecce/startseite/verein/1005/saison_id/2022,39,€105.20m
Serie A,Italy,4,2022,US Cremonese,/us-cremonese/startseite/verein/2239/saison_id/2022,42,€83.78m
Serie A,Italy,4,2022,UC Sampdoria,/sampdoria-genua/startseite/verein/1038/saison_id/2022,48,€82.96m
Serie A,Italy,4,2023,Inter Milan,/inter-mailand/startseite/verein/46/saison_id/2023,35,€654.85m
Serie A,Italy,4,2023,AC Milan,/ac-mailand/startseite/verein/5/saison_id/2023,42,€571.41m
Serie A,Italy,4,2023,SSC Napoli,/ssc-neapel/startseite/verein/6195/saison_id/2023,35,€515.00m
Serie A,Italy,4,2023,Juventus FC,/juventus-turin/startseite/verein/506/saison_id/2023,39,€504.53m
Serie A,Italy,4,2023,Atalanta BC,/atalanta-bergamo/startseite/verein/800/saison_id/2023,42,€436.05m
Serie A,Italy,4,2023,Bologna FC 1909,/fc-bologna/startseite/verein/1025/saison_id/2023,37,€349.30m
Serie A,Italy,4,2023,AS Roma,/as-rom/startseite/verein/12/saison_id/2023,41,€340.40m
Serie A,Italy,4,2023,ACF Fiorentina,/ac-florenz/startseite/verein/430/saison_id/2023,41,€284.10m
Serie A,Italy,4,2023,Torino FC,/fc-turin/startseite/verein/416/saison_id/2023,45,€232.73m
Serie A,Italy,4,2023,SS Lazio,/lazio-rom/startseite/verein/398/saison_id/2023,37,€225.45m
Serie A,Italy,4,2023,Genoa CFC,/genua-cfc/startseite/verein/252/saison_id/2023,44,€195.40m
Serie A,Italy,4,2023,Udinese Calcio,/udinese-calcio/startseite/verein/410/saison_id/2023,45,€170.06m
Serie A,Italy,4,2023,AC Monza,/ac-monza/startseite/verein/2919/saison_id/2023,39,€143.43m
Serie A,Italy,4,2023,Hellas Verona,/hellas-verona/startseite/verein/276/saison_id/2023,50,€140.70m
Serie A,Italy,4,2023,US Sassuolo,/us-sassuolo/startseite/verein/6574/saison_id/2023,38,€139.54m
Serie A,Italy,4,2023,Frosinone Calcio,/frosinone-calcio/startseite/verein/8970/saison_id/2023,48,€108.40m
Serie A,Italy,4,2023,US Lecce,/us-lecce/startseite/verein/1005/saison_id/2023,39,€107.73m
Serie A,Italy,4,2023,FC Empoli,/fc-empoli/startseite/verein/749/saison_id/2023,47,€102.33m
Serie A,Italy,4,2023,US Salernitana 1919,/us-salernitana-1919/startseite/verein/380/saison_id/2023,50,€94.60m
Serie A,Italy,4,2023,Cagliari Calcio,/cagliari-calcio/startseite/verein/1390/saison_id/2023,38,€92.23m
Serie A,Italy,4,2024,Inter Milan,/inter-mailand/startseite/verein/46/saison_id/2024,46,€741.85m
Serie A,Italy,4,2024,Juventus FC,/juventus-turin/startseite/verein/506/saison_id/2024,43,€628.73m
Serie A,Italy,4,2024,AC Milan,/ac-mailand/startseite/verein/5/saison_id/2024,41,€581.70m
Serie A,Italy,4,2024,Atalanta BC,/atalanta-bergamo/startseite/verein/800/saison_id/2024,44,€501.20m
Serie A,Italy,4,2024,SSC Napoli,/ssc-neapel/startseite/verein/6195/saison_id/2024,37,€500.45m
Serie A,Italy,4,2024,AS Roma,/as-rom/startseite/verein/12/saison_id/2024,39,€390.30m
Serie A,Italy,4,2024,ACF Fiorentina,/ac-florenz/startseite/verein/430/saison_id/2024,44,€368.13m
Serie A,Italy,4,2024,Bologna FC 1909,/fc-bologna/startseite/verein/1025/saison_id/2024,38,€340.65m
Serie A,Italy,4,2024,SS Lazio,/lazio-rom/startseite/verein/398/saison_id/2024,41,€294.90m
Serie A,Italy,4,2024,Torino FC,/fc-turin/startseite/verein/416/saison_id/2024,48,€219.28m
Serie A,Italy,4,2024,Como 1907,/como-1907/startseite/verein/1047/saison_id/2024,51,€203.43m
Serie A,Italy,4,2024,Udinese Calcio,/udinese-calcio/startseite/verein/410/saison_id/2024,40,€198.90m
Serie A,Italy,4,2024,Genoa CFC,/genua-cfc/startseite/verein/252/saison_id/2024,48,€175.35m
Serie A,Italy,4,2024,Parma Calcio 1913,/parma-calcio-1913/startseite/verein/130/saison_id/2024,40,€175.11m
Serie A,Italy,4,2024,US Lecce,/us-lecce/startseite/verein/1005/saison_id/2024,44,€113.43m
Serie A,Italy,4,2024,Hellas Verona,/hellas-verona/startseite/verein/276/saison_id/2024,42,€107.35m
Serie A,Italy,4,2024,FC Empoli,/fc-empoli/startseite/verein/749/saison_id/2024,52,€106.58m
Serie A,Italy,4,2024,AC Monza,/ac-monza/startseite/verein/2919/saison_id/2024,46,€95.83m
Serie A,Italy,4,2024,Venezia FC,/venezia-fc/startseite/verein/607/saison_id/2024,41,€95.60m
Serie A,Italy,4,2024,Cagliari Calcio,/cagliari-calcio/startseite/verein/1390/saison_id/2024,36,€93.63m
Ligue 1,France,5,2017,Paris Saint-Germain,/fc-paris-saint-germain/startseite/verein/583/saison_id/2017,35,€900.10m
Ligue 1,France,5,2017,AS Monaco,/as-monaco/startseite/verein/162/saison_id/2017,38,€529.80m
Ligue 1,France,5,2017,Olympique Lyon,/olympique-lyon/startseite/verein/1041/saison_id/2017,34,€363.80m
Ligue 1,France,5,2017,Olympique Marseille,/olympique-marseille/startseite/verein/244/saison_id/2017,29,€236.80m
Ligue 1,France,5,2017,OGC Nice,/ogc-nizza/startseite/verein/417/saison_id/2017,39,€204.10m
Ligue 1,France,5,2017,FC Girondins Bordeaux,/fc-girondins-bordeaux/startseite/verein/40/saison_id/2017,37,€155.45m
Ligue 1,France,5,2017,Stade Rennais FC,/fc-stade-rennes/startseite/verein/273/saison_id/2017,35,€131.25m
Ligue 1,France,5,2017,FC Toulouse,/fc-toulouse/startseite/verein/415/saison_id/2017,28,€110.45m
Ligue 1,France,5,2017,AS Saint-Étienne,/as-saint-etienne/startseite/verein/618/saison_id/2017,40,€106.88m
Ligue 1,France,5,2017,FC Nantes,/fc-nantes/startseite/verein/995/saison_id/2017,36,€105.70m
Ligue 1,France,5,2017,LOSC Lille,/losc-lille/startseite/verein/1082/saison_id/2017,32,€96.75m
Ligue 1,France,5,2017,Montpellier HSC,/montpellier-hsc/startseite/verein/969/saison_id/2017,30,€71.85m
Ligue 1,France,5,2017,Dijon FCO,/dijon-fco/startseite/verein/2969/saison_id/2017,35,€70.30m
Ligue 1,France,5,2017,Amiens SC,/amiens-sc/startseite/verein/1416/saison_id/2017,34,€69.85m
Ligue 1,France,5,2017,Angers SCO,/sco-angers/startseite/verein/1420/saison_id/2017,33,€69.55m
Ligue 1,France,5,2017,SM Caen,/sm-caen/startseite/verein/1162/saison_id/2017,33,€60.10m
Ligue 1,France,5,2017,EA Guingamp,/ea-guingamp/startseite/verein/855/saison_id/2017,30,€51.90m
Ligue 1,France,5,2017,FC Metz,/fc-metz/startseite/verein/347/saison_id/2017,44,€51.20m
Ligue 1,France,5,2017,RC Strasbourg Alsace,/rc-strassburg-alsace/startseite/verein/667/saison_id/2017,31,€45.60m
Ligue 1,France,5,2017,ESTAC Troyes,/es-troyes-ac/startseite/verein/1095/saison_id/2017,30,€45.05m
Ligue 1,France,5,2018,Paris Saint-Germain,/fc-paris-saint-germain/startseite/verein/583/saison_id/2018,39,€1.01bn
Ligue 1,France,5,2018,Olympique Lyon,/olympique-lyon/startseite/verein/1041/saison_id/2018,34,€467.95m
Ligue 1,France,5,2018,AS Monaco,/as-monaco/startseite/verein/162/saison_id/2018,57,€385.83m
Ligue 1,France,5,2018,LOSC Lille,/losc-lille/startseite/verein/1082/saison_id/2018,32,€267.55m
Ligue 1,France,5,2018,Olympique Marseille,/olympique-marseille/startseite/verein/244/saison_id/2018,33,€258.35m
Ligue 1,France,5,2018,OGC Nice,/ogc-nizza/startseite/verein/417/saison_id/2018,38,€183.20m
Ligue 1,France,5,2018,FC Girondins Bordeaux,/fc-girondins-bordeaux/startseite/verein/40/saison_id/2018,43,€179.00m
Ligue 1,France,5,2018,Stade Rennais FC,/fc-stade-rennes/startseite/verein/273/saison_id/2018,41,€168.45m
Ligue 1,France,5,2018,AS Saint-Étienne,/as-saint-etienne/startseite/verein/618/saison_id/2018,42,€131.25m
Ligue 1,France,5,2018,FC Nantes,/fc-nantes/startseite/verein/995/saison_id/2018,40,€119.50m
Ligue 1,France,5,2018,FC Toulouse,/fc-toulouse/startseite/verein/415/saison_id/2018,40,€113.25m
Ligue 1,France,5,2018,Montpellier HSC,/montpellier-hsc/startseite/verein/969/saison_id/2018,32,€109.85m
Ligue 1,France,5,2018,RC Strasbourg Alsace,/rc-strassburg-alsace/startseite/verein/667/saison_id/2018,33,€98.00m
Ligue 1,France,5,2018,Nîmes Olympique,/nimes-olympique/startseite/verein/1160/saison_id/2018,31,€88.15m
Ligue 1,France,5,2018,Stade Reims,/stade-reims/startseite/verein/1421/saison_id/2018,37,€86.95m
Ligue 1,France,5,2018,Angers SCO,/sco-angers/startseite/verein/1420/saison_id/2018,38,€79.70m
Ligue 1,France,5,2018,EA Guingamp,/ea-guingamp/startseite/verein/855/saison_id/2018,37,€70.65m
Ligue 1,France,5,2018,Amiens SC,/amiens-sc/startseite/verein/1416/saison_id/2018,36,€70.50m
Ligue 1,France,5,2018,SM Caen,/sm-caen/startseite/verein/1162/saison_id/2018,39,€67.55m
Ligue 1,France,5,2018,Dijon FCO,/dijon-fco/startseite/verein/2969/saison_id/2018,32,€65.80m
Ligue 1,France,5,2019,Paris Saint-Germain,/fc-paris-saint-germain/startseite/verein/583/saison_id/2019,35,€874.15m
Ligue 1,France,5,2019,Olympique Lyon,/olympique-lyon/startseite/verein/1041/saison_id/2019,33,€384.55m
Ligue 1,France,5,2019,AS Monaco,/as-monaco/startseite/verein/162/saison_id/2019,39,€331.03m
Ligue 1,France,5,2019,LOSC Lille,/losc-lille/startseite/verein/1082/saison_id/2019,31,€247.78m
Ligue 1,France,5,2019,Olympique Marseille,/olympique-marseille/startseite/verein/244/saison_id/2019,34,€216.15m
Ligue 1,France,5,2019,OGC Nice,/ogc-nizza/startseite/verein/417/saison_id/2019,37,€173.45m
Ligue 1,France,5,2019,Stade Rennais FC,/fc-stade-rennes/startseite/verein/273/saison_id/2019,33,€171.88m
Ligue 1,France,5,2019,FC Girondins Bordeaux,/fc-girondins-bordeaux/startseite/verein/40/saison_id/2019,31,€125.35m
Ligue 1,France,5,2019,FC Nantes,/fc-nantes/startseite/verein/995/saison_id/2019,35,€106.15m
Ligue 1,France,5,2019,AS Saint-Étienne,/as-saint-etienne/startseite/verein/618/saison_id/2019,41,€104.83m
Ligue 1,France,5,2019,RC Strasbourg Alsace,/rc-strassburg-alsace/startseite/verein/667/saison_id/2019,31,€91.13m
Ligue 1,France,5,2019,Angers SCO,/sco-angers/startseite/verein/1420/saison_id/2019,31,€89.48m
Ligue 1,France,5,2019,Montpellier HSC,/montpellier-hsc/startseite/verein/969/saison_id/2019,30,€81.68m
Ligue 1,France,5,2019,Stade Reims,/stade-reims/startseite/verein/1421/saison_id/2019,31,€81.68m
Ligue 1,France,5,2019,FC Toulouse,/fc-toulouse/startseite/verein/415/saison_id/2019,35,€71.88m
Ligue 1,France,5,2019,Amiens SC,/amiens-sc/startseite/verein/1416/saison_id/2019,37,€61.93m
Ligue 1,France,5,2019,FC Metz,/fc-metz/startseite/verein/347/saison_id/2019,32,€54.10m
Ligue 1,France,5,2019,Dijon FCO,/dijon-fco/startseite/verein/2969/saison_id/2019,31,€50.23m
Ligue 1,France,5,2019,Nîmes Olympique,/nimes-olympique/startseite/verein/1160/saison_id/2019,35,€49.65m
Ligue 1,France,5,2019,Stade Brestois 29,/stade-brest-29/startseite/verein/3911/saison_id/2019,28,€47.78m
Ligue 1,France,5,2020,Paris Saint-Germain,/fc-paris-saint-germain/startseite/verein/583/saison_id/2020,41,€805.00m
Ligue 1,France,5,2020,Olympique Lyon,/olympique-lyon/startseite/verein/1041/saison_id/2020,40,€431.35m
Ligue 1,France,5,2020,AS Monaco,/as-monaco/startseite/verein/162/saison_id/2020,33,€370.35m
Ligue 1,France,5,2020,LOSC Lille,/losc-lille/startseite/verein/1082/saison_id/2020,32,€323.20m
Ligue 1,France,5,2020,Stade Rennais FC,/fc-stade-rennes/startseite/verein/273/saison_id/2020,37,€297.50m
Ligue 1,France,5,2020,Olympique Marseille,/olympique-marseille/startseite/verein/244/saison_id/2020,37,€247.95m
Ligue 1,France,5,2020,OGC Nice,/ogc-nizza/startseite/verein/417/saison_id/2020,41,€236.10m
Ligue 1,France,5,2020,AS Saint-Étienne,/as-saint-etienne/startseite/verein/618/saison_id/2020,43,€154.50m
Ligue 1,France,5,2020,Montpellier HSC,/montpellier-hsc/startseite/verein/969/saison_id/2020,34,€113.85m
Ligue 1,France,5,2020,Angers SCO,/sco-angers/startseite/verein/1420/saison_id/2020,38,€111.65m
Ligue 1,France,5,2020,RC Strasbourg Alsace,/rc-strassburg-alsace/startseite/verein/667/saison_id/2020,34,€109.65m
Ligue 1,France,5,2020,FC Girondins Bordeaux,/fc-girondins-bordeaux/startseite/verein/40/saison_id/2020,36,€105.70m
Ligue 1,France,5,2020,Stade Reims,/stade-reims/startseite/verein/1421/saison_id/2020,34,€105.18m
Ligue 1,France,5,2020,RC Lens,/rc-lens/startseite/verein/826/saison_id/2020,36,€104.30m
Ligue 1,France,5,2020,FC Metz,/fc-metz/startseite/verein/347/saison_id/2020,35,€103.50m
Ligue 1,France,5,2020,Stade Brestois 29,/stade-brest-29/startseite/verein/3911/saison_id/2020,32,€103.23m
Ligue 1,France,5,2020,FC Nantes,/fc-nantes/startseite/verein/995/saison_id/2020,32,€94.75m
Ligue 1,France,5,2020,FC Lorient,/fc-lorient/startseite/verein/1158/saison_id/2020,34,€72.88m
Ligue 1,France,5,2020,Dijon FCO,/dijon-fco/startseite/verein/2969/saison_id/2020,37,€65.63m
Ligue 1,France,5,2020,Nîmes Olympique,/nimes-olympique/startseite/verein/1160/saison_id/2020,36,€60.40m
Ligue 1,France,5,2021,Paris Saint-Germain,/fc-paris-saint-germain/startseite/verein/583/saison_id/2021,41,€875.15m
Ligue 1,France,5,2021,Olympique Lyon,/olympique-lyon/startseite/verein/1041/saison_id/2021,40,€397.70m
Ligue 1,France,5,2021,AS Monaco,/as-monaco/startseite/verein/162/saison_id/2021,41,€396.00m
Ligue 1,France,5,2021,LOSC Lille,/losc-lille/startseite/verein/1082/saison_id/2021,41,€306.88m
Ligue 1,France,5,2021,Stade Rennais FC,/fc-stade-rennes/startseite/verein/273/saison_id/2021,36,€305.35m
Ligue 1,France,5,2021,Olympique Marseille,/olympique-marseille/startseite/verein/244/saison_id/2021,38,€284.70m
Ligue 1,France,5,2021,OGC Nice,/ogc-nizza/startseite/verein/417/saison_id/2021,34,€266.05m
Ligue 1,France,5,2021,RC Lens,/rc-lens/startseite/verein/826/saison_id/2021,35,€154.05m
Ligue 1,France,5,2021,Stade Reims,/stade-reims/startseite/verein/1421/saison_id/2021,40,€149.40m
Ligue 1,France,5,2021,Montpellier HSC,/montpellier-hsc/startseite/verein/969/saison_id/2021,36,€144.60m
Ligue 1,France,5,2021,RC Strasbourg Alsace,/rc-strassburg-alsace/startseite/verein/667/saison_id/2021,33,€120.05m
Ligue 1,France,5,2021,FC Girondins Bordeaux,/fc-girondins-bordeaux/startseite/verein/40/saison_id/2021,54,€116.85m
Ligue 1,France,5,2021,FC Nantes,/fc-nantes/startseite/verein/995/saison_id/2021,31,€112.65m
Ligue 1,France,5,2021,AS Saint-Étienne,/as-saint-etienne/startseite/verein/618/saison_id/2021,44,€105.65m
Ligue 1,France,5,2021,Stade Brestois 29,/stade-brest-29/startseite/verein/3911/saison_id/2021,30,€103.15m
Ligue 1,France,5,2021,FC Metz,/fc-metz/startseite/verein/347/saison_id/2021,41,€91.05m
Ligue 1,France,5,2021,Angers SCO,/sco-angers/startseite/verein/1420/saison_id/2021,38,€89.50m
Ligue 1,France,5,2021,ESTAC Troyes,/es-troyes-ac/startseite/verein/1095/saison_id/2021,50,€73.20m
Ligue 1,France,5,2021,FC Lorient,/fc-lorient/startseite/verein/1158/saison_id/2021,35,€61.30m
Ligue 1,France,5,2021,Clermont Foot 63,/clermont-foot-63/startseite/verein/3524/saison_id/2021,39,€55.10m
Ligue 1,France,5,2022,Paris Saint-Germain,/fc-paris-saint-germain/startseite/verein/583/saison_id/2022,37,€891.10m
Ligue 1,France,5,2022,Stade Rennais FC,/fc-stade-rennes/startseite/verein/273/saison_id/2022,38,€387.75m
Ligue 1,France,5,2022,AS Monaco,/as-monaco/startseite/verein/162/saison_id/2022,32,€368.30m
Ligue 1,France,5,2022,Olympique Lyon,/olympique-lyon/startseite/verein/1041/saison_id/2022,34,€350.95m
Ligue 1,France,5,2022,Olympique Marseille,/olympique-marseille/startseite/verein/244/saison_id/2022,37,€331.55m
Ligue 1,France,5,2022,OGC Nice,/ogc-nizza/startseite/verein/417/saison_id/2022,41,€310.80m
Ligue 1,France,5,2022,LOSC Lille,/losc-lille/startseite/verein/1082/saison_id/2022,33,€247.95m
Ligue 1,France,5,2022,RC Lens,/rc-lens/startseite/verein/826/saison_id/2022,39,€238.15m
Ligue 1,France,5,2022,FC Lorient,/fc-lorient/startseite/verein/1158/saison_id/2022,42,€175.45m
Ligue 1,France,5,2022,Stade Reims,/stade-reims/startseite/verein/1421/saison_id/2022,40,€159.05m
Ligue 1,France,5,2022,Montpellier HSC,/montpellier-hsc/startseite/verein/969/saison_id/2022,39,€142.90m
Ligue 1,France,5,2022,RC Strasbourg Alsace,/rc-strassburg-alsace/startseite/verein/667/saison_id/2022,36,€123.55m
Ligue 1,France,5,2022,FC Nantes,/fc-nantes/startseite/verein/995/saison_id/2022,37,€119.28m
Ligue 1,France,5,2022,FC Toulouse,/fc-toulouse/startseite/verein/415/saison_id/2022,37,€104.80m
Ligue 1,France,5,2022,Stade Brestois 29,/stade-brest-29/startseite/verein/3911/saison_id/2022,32,€76.65m
Ligue 1,France,5,2022,ESTAC Troyes,/es-troyes-ac/startseite/verein/1095/saison_id/2022,41,€76.30m
Ligue 1,France,5,2022,Angers SCO,/sco-angers/startseite/verein/1420/saison_id/2022,44,€71.80m
Ligue 1,France,5,2022,AJ Auxerre,/aj-auxerre/startseite/verein/290/saison_id/2022,42,€54.80m
Ligue 1,France,5,2022,Clermont Foot 63,/clermont-foot-63/startseite/verein/3524/saison_id/2022,33,€48.00m
Ligue 1,France,5,2022,AC Ajaccio,/ac-ajaccio/startseite/verein/1147/saison_id/2022,41,€27.00m
Ligue 1,France,5,2023,Paris Saint-Germain,/fc-paris-saint-germain/startseite/verein/583/saison_id/2023,36,€1.02bn
Ligue 1,France,5,2023,AS Monaco,/as-monaco/startseite/verein/162/saison_id/2023,40,€398.55m
Ligue 1,France,5,2023,Stade Rennais FC,/fc-stade-rennes/startseite/verein/273/saison_id/2023,36,€375.35m
Ligue 1,France,5,2023,LOSC Lille,/losc-lille/startseite/verein/1082/saison_id/2023,41,€328.90m
Ligue 1,France,5,2023,Olympique Marseille,/olympique-marseille/startseite/verein/244/saison_id/2023,49,€311.40m
Ligue 1,France,5,2023,Olympique Lyon,/olympique-lyon/startseite/verein/1041/saison_id/2023,39,€305.95m
Ligue 1,France,5,2023,OGC Nice,/ogc-nizza/startseite/verein/417/saison_id/2023,38,€268.78m
Ligue 1,France,5,2023,RC Lens,/rc-lens/startseite/verein/826/saison_id/2023,38,€205.60m
Ligue 1,France,5,2023,RC Strasbourg Alsace,/rc-strassburg-alsace/startseite/verein/667/saison_id/2023,39,€157.70m
Ligue 1,France,5,2023,Montpellier HSC,/montpellier-hsc/startseite/verein/969/saison_id/2023,37,€145.58m
Ligue 1,France,5,2023,FC Toulouse,/fc-toulouse/startseite/verein/415/saison_id/2023,39,€145.20m
Ligue 1,France,5,2023,Stade Reims,/stade-reims/startseite/verein/1421/saison_id/2023,39,€134.55m
Ligue 1,France,5,2023,FC Lorient,/fc-lorient/startseite/verein/1158/saison_id/2023,45,€131.85m
Ligue 1,France,5,2023,FC Nantes,/fc-nantes/startseite/verein/995/saison_id/2023,43,€125.90m
Ligue 1,France,5,2023,Stade Brestois 29,/stade-brest-29/startseite/verein/3911/saison_id/2023,31,€115.15m
Ligue 1,France,5,2023,Le Havre AC,/ac-le-havre/startseite/verein/738/saison_id/2023,35,€72.50m
Ligue 1,France,5,2023,FC Metz,/fc-metz/startseite/verein/347/saison_id/2023,37,€65.40m
Ligue 1,France,5,2023,Clermont Foot 63,/clermont-foot-63/startseite/verein/3524/saison_id/2023,36,€61.35m
Ligue 1,France,5,2024,Paris Saint-Germain,/fc-paris-saint-germain/startseite/verein/583/saison_id/2024,34,€1.14bn
Ligue 1,France,5,2024,AS Monaco,/as-monaco/startseite/verein/162/saison_id/2024,37,€411.15m
Ligue 1,France,5,2024,Olympique Marseille,/olympique-marseille/startseite/verein/244/saison_id/2024,40,€358.00m
Ligue 1,France,5,2024,LOSC Lille,/losc-lille/startseite/verein/1082/saison_id/2024,40,€336.55m
Ligue 1,France,5,2024,Olympique Lyon,/olympique-lyon/startseite/verein/1041/saison_id/2024,37,€309.85m
Ligue 1,France,5,2024,RC Strasbourg Alsace,/rc-strassburg-alsace/startseite/verein/667/saison_id/2024,42,€307.85m
Ligue 1,France,5,2024,Stade Rennais FC,/fc-stade-rennes/startseite/verein/273/saison_id/2024,43,€294.70m
Ligue 1,France,5,2024,OGC Nice,/ogc-nizza/startseite/verein/417/saison_id/2024,41,€227.05m
Ligue 1,France,5,2024,RC Lens,/rc-lens/startseite/verein/826/saison_id/2024,43,€221.45m
Ligue 1,France,5,2024,Stade Reims,/stade-reims/startseite/verein/1421/saison_id/2024,40,€152.50m
Ligue 1,France,5,2024,FC Toulouse,/fc-toulouse/startseite/verein/415/saison_id/2024,34,€121.60m
Ligue 1,France,5,2024,FC Nantes,/fc-nantes/startseite/verein/995/saison_id/2024,34,€114.65m
Ligue 1,France,5,2024,Stade Brestois 29,/stade-brest-29/startseite/verein/3911/saison_id/2024,37,€110.65m
Ligue 1,France,5,2024,AJ Auxerre,/aj-auxerre/startseite/verein/290/saison_id/2024,39,€86.90m
Ligue 1,France,5,2024,AS Saint-Étienne,/as-saint-etienne/startseite/verein/618/saison_id/2024,39,€81.60m
Ligue 1,France,5,2024,Le Havre AC,/ac-le-havre/startseite/verein/738/saison_id/2024,42,€70.55m
Ligue 1,France,5,2024,Montpellier HSC,/montpellier-hsc/startseite/verein/969/saison_id/2024,40,€65.85m
Ligue 1,France,5,2024,Angers SCO,/sco-angers/startseite/verein/1420/saison_id/2024,38,€51.65m
